canonical_key,label_ko,targets_count,targets_json
agency,Text,8,"[{""business_area"": ""IP"", ""division_code"": ""INC"", ""case_type_code"": ""DESIGN"", ""namespace"": ""incoming_design"", ""param_key"": ""client_name"", ""storage"": ""matter_custom_field(namespace=incoming_design).data"", ""required"": NaN}, {""business_area"": ""IP"", ""division_code"": ""INC"", ""case_type_code"": ""PATENT"", ""namespace"": ""incoming_patent"", ""param_key"": ""client_name"", ""storage"": ""matter_custom_field(namespace=incoming_patent).data"", ""required"": NaN}, {""business_area"": ""IP"", ""division_code"": ""INC"", ""case_type_code"": ""TRADEMARK"", ""namespace"": ""incoming_trademark"", ""param_key"": ""client_name"", ""storage"": ""matter_custom_field(namespace=incoming_trademark).data"", ""required"": NaN}, {""business_area"": ""IP"", ""division_code"": ""OUT"", ""case_type_code"": ""DESIGN"", ""namespace"": ""outgoing_design"", ""param_key"": ""foreign_agent_name"", ""storage"": ""matter_custom_field(namespace=outgoing_design).data"", ""required"": NaN}, {""business_area"": ""IP"", ""division_code"": ""OUT"", ""case_type_code"": ""PATENT"", ""namespace"": ""outgoing_patent"", ""param_key"": ""foreign_agent_name"", ""storage"": ""matter_custom_field(namespace=outgoing_patent).data"", ""required"": NaN}, {""business_area"": ""IP"", ""division_code"": ""OUT"", ""case_type_code"": ""TRADEMARK"", ""namespace"": ""outgoing_trademark"", ""param_key"": ""foreign_agent_name"", ""storage"": ""matter_custom_field(namespace=outgoing_trademark).data"", ""required"": NaN}, {""business_area"": ""LITIGATION"", ""division_code"": NaN, ""case_type_code"": ""LITIGATION"", ""namespace"": ""litigation"", ""param_key"": ""claimant_agent"", ""storage"": ""matter_custom_field(namespace=litigation).data"", ""required"": NaN}, {""business_area"": ""LITIGATION"", ""division_code"": NaN, ""case_type_code"": ""LITIGATION"", ""namespace"": ""litigation"", ""param_key"": ""respondent_agent"", ""storage"": ""matter_custom_field(namespace=litigation).data"", ""required"": NaN}]"
applicant,Text,16,"[{""business_area"": ""IP"", ""division_code"": ""DOM"", ""case_type_code"": ""DESIGN"", ""namespace"": ""domestic_design"", ""param_key"": ""applicant_contact"", ""storage"": ""matter_custom_field(namespace=domestic_design).data"", ""required"": NaN}, {""business_area"": ""IP"", ""division_code"": ""DOM"", ""case_type_code"": ""DESIGN"", ""namespace"": ""domestic_design"", ""param_key"": ""applicant_name"", ""storage"": ""matter_custom_field(namespace=domestic_design).data"", ""required"": NaN}, {""business_area"": ""IP"", ""division_code"": ""DOM"", ""case_type_code"": ""PATENT"", ""namespace"": ""domestic_patent"", ""param_key"": ""applicant_contact"", ""storage"": ""matter_custom_field(namespace=domestic_patent).data"", ""required"": NaN}, {""business_area"": ""IP"", ""division_code"": ""DOM"", ""case_type_code"": ""PATENT"", ""namespace"": ""domestic_patent"", ""param_key"": ""applicant_name"", ""storage"": ""matter_custom_field(namespace=domestic_patent).data"", ""required"": NaN}, {""business_area"": ""IP"", ""division_code"": ""DOM"", ""case_type_code"": ""TRADEMARK"", ""namespace"": ""domestic_trademark"", ""param_key"": ""applicant_contact"", ""storage"": ""matter_custom_field(namespace=domestic_trademark).data"", ""required"": NaN}, {""business_area"": ""IP"", ""division_code"": ""DOM"", ""case_type_code"": ""TRADEMARK"", ""namespace"": ""domestic_trademark"", ""param_key"": ""applicant_name"", ""storage"": ""matter_custom_field(namespace=domestic_trademark).data"", ""required"": NaN}, {""business_area"": ""IP"", ""division_code"": ""INC"", ""case_type_code"": ""DESIGN"", ""namespace"": ""incoming_design"", ""param_key"": ""applicant_name"", ""storage"": ""matter_custom_field(namespace=incoming_design).data"", ""required"": NaN}, {""business_area"": ""IP"", ""division_code"": ""INC"", ""case_type_code"": ""PATENT"", ""namespace"": ""incoming_patent"", ""param_key"": ""applicant_name"", ""storage"": ""matter_custom_field(namespace=incoming_patent).data"", ""required"": NaN}, {""business_area"": ""IP"", ""division_code"": ""INC"", ""case_type_code"": ""TRADEMARK"", ""namespace"": ""incoming_trademark"", ""param_key"": ""applicant_name"", ""storage"": ""matter_custom_field(namespace=incoming_trademark).data"", ""required"": NaN}, {""business_area"": ""IP"", ""division_code"": ""OUT"", ""case_type_code"": ""DESIGN"", ""namespace"": ""outgoing_design"", ""param_key"": ""applicant_contact"", ""storage"": ""matter_custom_field(namespace=outgoing_design).data"", ""required"": NaN}, {""business_area"": ""IP"", ""division_code"": ""OUT"", ""case_type_code"": ""DESIGN"", ""namespace"": ""outgoing_design"", ""param_key"": ""applicant_name"", ""storage"": ""matter_custom_field(namespace=outgoing_design).data"", ""required"": NaN}, {""business_area"": ""IP"", ""division_code"": ""OUT"", ""case_type_code"": ""PATENT"", ""namespace"": ""outgoing_patent"", ""param_key"": ""applicant_contact"", ""storage"": ""matter_custom_field(namespace=outgoing_patent).data"", ""required"": NaN}, {""business_area"": ""IP"", ""division_code"": ""OUT"", ""case_type_code"": ""PATENT"", ""namespace"": ""outgoing_patent"", ""param_key"": ""applicant_name"", ""storage"": ""matter_custom_field(namespace=outgoing_patent).data"", ""required"": NaN}, {""business_area"": ""IP"", ""division_code"": ""OUT"", ""case_type_code"": ""TRADEMARK"", ""namespace"": ""outgoing_trademark"", ""param_key"": ""applicant_contact"", ""storage"": ""matter_custom_field(namespace=outgoing_trademark).data"", ""required"": NaN}, {""business_area"": ""IP"", ""division_code"": ""OUT"", ""case_type_code"": ""TRADEMARK"", ""namespace"": ""outgoing_trademark"", ""param_key"": ""applicant_name"", ""storage"": ""matter_custom_field(namespace=outgoing_trademark).data"", ""required"": NaN}, {""business_area"": ""LITIGATION"", ""division_code"": NaN, ""case_type_code"": ""LITIGATION"", ""namespace"": ""litigation"", ""param_key"": ""applicant_registrant"", ""storage"": ""matter_custom_field(namespace=litigation).data"", ""required"": NaN}]"
application_date,Text,31,"[{""business_area"": ""IP"", ""division_code"": ""DOM"", ""case_type_code"": ""DESIGN"", ""namespace"": ""domestic_design"", ""param_key"": ""application_date"", ""storage"": ""matter_custom_field(namespace=domestic_design).data"", ""required"": NaN}, {""business_area"": ""IP"", ""division_code"": ""DOM"", ""case_type_code"": ""DESIGN"", ""namespace"": ""domestic_design"", ""param_key"": ""basic_application_date"", ""storage"": ""matter_custom_field(namespace=domestic_design).data"", ""required"": NaN}, {""business_area"": ""IP"", ""division_code"": ""DOM"", ""case_type_code"": ""DESIGN"", ""namespace"": ""domestic_design"", ""param_key"": ""foreign_filing_date"", ""storage"": ""matter_custom_field(namespace=domestic_design).data"", ""required"": NaN}, {""business_area"": ""IP"", ""division_code"": ""DOM"", ""case_type_code"": ""DESIGN"", ""namespace"": ""domestic_design"", ""param_key"": ""parent_application_date"", ""storage"": ""matter_custom_field(namespace=domestic_design).data"", ""required"": NaN}, {""business_area"": ""IP"", ""division_code"": ""DOM"", ""case_type_code"": ""PATENT"", ""namespace"": ""domestic_patent"", ""param_key"": ""application_date"", ""storage"": ""matter_custom_field(namespace=domestic_patent).data"", ""required"": NaN}, {""business_area"": ""IP"", ""division_code"": ""DOM"", ""case_type_code"": ""PATENT"", ""namespace"": ""domestic_patent"", ""param_key"": ""foreign_filing_date"", ""storage"": ""matter_custom_field(namespace=domestic_patent).data"", ""required"": NaN}, {""business_area"": ""IP"", ""division_code"": ""DOM"", ""case_type_code"": ""PATENT"", ""namespace"": ""domestic_patent"", ""param_key"": ""parent_application_date"", ""storage"": ""matter_custom_field(namespace=domestic_patent).data"", ""required"": NaN}, {""business_area"": ""IP"", ""division_code"": ""DOM"", ""case_type_code"": ""TRADEMARK"", ""namespace"": ""domestic_trademark"", ""param_key"": ""application_date"", ""storage"": ""matter_custom_field(namespace=domestic_trademark).data"", ""required"": NaN}, {""business_area"": ""IP"", ""division_code"": ""DOM"", ""case_type_code"": ""TRADEMARK"", ""namespace"": ""domestic_trademark"", ""param_key"": ""foreign_filing_date"", ""storage"": ""matter_custom_field(namespace=domestic_trademark).data"", ""required"": NaN}, {""business_area"": ""IP"", ""division_code"": ""DOM"", ""case_type_code"": ""TRADEMARK"", ""namespace"": ""domestic_trademark"", ""param_key"": ""parent_application_date"", ""storage"": ""matter_custom_field(namespace=domestic_trademark).data"", ""required"": NaN}, {""business_area"": ""IP"", ""division_code"": ""INC"", ""case_type_code"": ""DESIGN"", ""namespace"": ""incoming_design"", ""param_key"": ""application_date"", ""storage"": ""matter_custom_field(namespace=incoming_design).data"", ""required"": NaN}, {""business_area"": ""IP"", ""division_code"": ""INC"", ""case_type_code"": ""DESIGN"", ""namespace"": ""incoming_design"", ""param_key"": ""basic_application_date"", ""storage"": ""matter_custom_field(namespace=incoming_design).data"", ""required"": NaN}, {""business_area"": ""IP"", ""division_code"": ""INC"", ""case_type_code"": ""DESIGN"", ""namespace"": ""incoming_design"", ""param_key"": ""ep_application_date"", ""storage"": ""matter_custom_field(namespace=incoming_design).data"", ""required"": NaN}, {""business_area"": ""IP"", ""division_code"": ""INC"", ""case_type_code"": ""DESIGN"", ""namespace"": ""incoming_design"", ""param_key"": ""parent_application_date"", ""storage"": ""matter_custom_field(namespace=incoming_design).data"", ""required"": NaN}, {""business_area"": ""IP"", ""division_code"": ""INC"", ""case_type_code"": ""PATENT"", ""namespace"": ""incoming_patent"", ""param_key"": ""application_date"", ""storage"": ""matter_custom_field(namespace=incoming_patent).data"", ""required"": NaN}, {""business_area"": ""IP"", ""division_code"": ""INC"", ""case_type_code"": ""PATENT"", ""namespace"": ""incoming_patent"", ""param_key"": ""ep_application_date"", ""storage"": ""matter_custom_field(namespace=incoming_patent).data"", ""required"": NaN}, {""business_area"": ""IP"", ""division_code"": ""INC"", ""case_type_code"": ""PATENT"", ""namespace"": ""incoming_patent"", ""param_key"": ""parent_application_date"", ""storage"": ""matter_custom_field(namespace=incoming_patent).data"", ""required"": NaN}, {""business_area"": ""IP"", ""division_code"": ""INC"", ""case_type_code"": ""PATENT"", ""namespace"": ""incoming_patent"", ""param_key"": ""pct_application_date"", ""storage"": ""matter_custom_field(namespace=incoming_patent).data"", ""required"": NaN}, {""business_area"": ""IP"", ""division_code"": ""INC"", ""case_type_code"": ""TRADEMARK"", ""namespace"": ""incoming_trademark"", ""param_key"": ""application_date"", ""storage"": ""matter_custom_field(namespace=incoming_trademark).data"", ""required"": NaN}, {""business_area"": ""IP"", ""division_code"": ""INC"", ""case_type_code"": ""TRADEMARK"", ""namespace"": ""incoming_trademark"", ""param_key"": ""ctm_application_date"", ""storage"": ""matter_custom_field(namespace=incoming_trademark).data"", ""required"": NaN}, {""business_area"": ""IP"", ""division_code"": ""INC"", ""case_type_code"": ""TRADEMARK"", ""namespace"": ""incoming_trademark"", ""param_key"": ""madrid_application_date"", ""storage"": ""matter_custom_field(namespace=incoming_trademark).data"", ""required"": NaN}, {""business_area"": ""IP"", ""division_code"": ""INC"", ""case_type_code"": ""TRADEMARK"", ""namespace"": ""incoming_trademark"", ""param_key"": ""parent_application_date"", ""storage"": ""matter_custom_field(namespace=incoming_trademark).data"", ""required"": NaN}, {""business_area"": ""IP"", ""division_code"": ""OUT"", ""case_type_code"": ""DESIGN"", ""namespace"": ""outgoing_design"", ""param_key"": ""application_date"", ""storage"": ""matter_custom_field(namespace=outgoing_design).data"", ""required"": NaN}, {""business_area"": ""IP"", ""division_code"": ""OUT"", ""case_type_code"": ""DESIGN"", ""namespace"": ""outgoing_design"", ""param_key"": ""parent_application_date"", ""storage"": ""matter_custom_field(namespace=outgoing_design).data"", ""required"": NaN}, {""business_area"": ""IP"", ""division_code"": ""OUT"", ""case_type_code"": ""PATENT"", ""namespace"": ""outgoing_patent"", ""param_key"": ""application_date"", ""storage"": ""matter_custom_field(namespace=outgoing_patent).data"", ""required"": NaN}, {""business_area"": ""IP"", ""division_code"": ""OUT"", ""case_type_code"": ""PATENT"", ""namespace"": ""outgoing_patent"", ""param_key"": ""parent_application_date"", ""storage"": ""matter_custom_field(namespace=outgoing_patent).data"", ""required"": NaN}, {""business_area"": ""IP"", ""division_code"": ""OUT"", ""case_type_code"": ""PATENT"", ""namespace"": ""outgoing_patent"", ""param_key"": ""pct_application_date"", ""storage"": ""matter_custom_field(namespace=outgoing_patent).data"", ""required"": NaN}, {""business_area"": ""IP"", ""division_code"": ""OUT"", ""case_type_code"": ""TRADEMARK"", ""namespace"": ""outgoing_trademark"", ""param_key"": ""application_date"", ""storage"": ""matter_custom_field(namespace=outgoing_trademark).data"", ""required"": NaN}, {""business_area"": ""IP"", ""division_code"": ""OUT"", ""case_type_code"": ""TRADEMARK"", ""namespace"": ""outgoing_trademark"", ""param_key"": ""ctm_application_date"", ""storage"": ""matter_custom_field(namespace=outgoing_trademark).data"", ""required"": NaN}, {""business_area"": ""IP"", ""division_code"": ""OUT"", ""case_type_code"": ""TRADEMARK"", ""namespace"": ""outgoing_trademark"", ""param_key"": ""madrid_application_date"", ""storage"": ""matter_custom_field(namespace=outgoing_trademark).data"", ""required"": NaN}, {""business_area"": ""IP"", ""division_code"": ""OUT"", ""case_type_code"": ""TRADEMARK"", ""namespace"": ""outgoing_trademark"", ""param_key"": ""parent_application_date"", ""storage"": ""matter_custom_field(namespace=outgoing_trademark).data"", ""required"": NaN}]"
application_no,Text,28,"[{""business_area"": ""IP"", ""division_code"": ""DOM"", ""case_type_code"": ""DESIGN"", ""namespace"": ""domestic_design"", ""param_key"": ""application_no"", ""storage"": ""matter_custom_field(namespace=domestic_design).data"", ""required"": NaN}, {""business_area"": ""IP"", ""division_code"": ""DOM"", ""case_type_code"": ""DESIGN"", ""namespace"": ""domestic_design"", ""param_key"": ""basic_application_no"", ""storage"": ""matter_custom_field(namespace=domestic_design).data"", ""required"": NaN}, {""business_area"": ""IP"", ""division_code"": ""DOM"", ""case_type_code"": ""DESIGN"", ""namespace"": ""domestic_design"", ""param_key"": ""parent_application_no"", ""storage"": ""matter_custom_field(namespace=domestic_design).data"", ""required"": NaN}, {""business_area"": ""IP"", ""division_code"": ""DOM"", ""case_type_code"": ""PATENT"", ""namespace"": ""domestic_patent"", ""param_key"": ""application_no"", ""storage"": ""matter_custom_field(namespace=domestic_patent).data"", ""required"": NaN}, {""business_area"": ""IP"", ""division_code"": ""DOM"", ""case_type_code"": ""PATENT"", ""namespace"": ""domestic_patent"", ""param_key"": ""parent_application_no"", ""storage"": ""matter_custom_field(namespace=domestic_patent).data"", ""required"": NaN}, {""business_area"": ""IP"", ""division_code"": ""DOM"", ""case_type_code"": ""TRADEMARK"", ""namespace"": ""domestic_trademark"", ""param_key"": ""application_no"", ""storage"": ""matter_custom_field(namespace=domestic_trademark).data"", ""required"": NaN}, {""business_area"": ""IP"", ""division_code"": ""DOM"", ""case_type_code"": ""TRADEMARK"", ""namespace"": ""domestic_trademark"", ""param_key"": ""parent_application_no"", ""storage"": ""matter_custom_field(namespace=domestic_trademark).data"", ""required"": NaN}, {""business_area"": ""IP"", ""division_code"": ""INC"", ""case_type_code"": ""DESIGN"", ""namespace"": ""incoming_design"", ""param_key"": ""application_no"", ""storage"": ""matter_custom_field(namespace=incoming_design).data"", ""required"": NaN}, {""business_area"": ""IP"", ""division_code"": ""INC"", ""case_type_code"": ""DESIGN"", ""namespace"": ""incoming_design"", ""param_key"": ""basic_application_no"", ""storage"": ""matter_custom_field(namespace=incoming_design).data"", ""required"": NaN}, {""business_area"": ""IP"", ""division_code"": ""INC"", ""case_type_code"": ""DESIGN"", ""namespace"": ""incoming_design"", ""param_key"": ""ep_application_no"", ""storage"": ""matter_custom_field(namespace=incoming_design).data"", ""required"": NaN}, {""business_area"": ""IP"", ""division_code"": ""INC"", ""case_type_code"": ""DESIGN"", ""namespace"": ""incoming_design"", ""param_key"": ""parent_application_no"", ""storage"": ""matter_custom_field(namespace=incoming_design).data"", ""required"": NaN}, {""business_area"": ""IP"", ""division_code"": ""INC"", ""case_type_code"": ""PATENT"", ""namespace"": ""incoming_patent"", ""param_key"": ""application_no"", ""storage"": ""matter_custom_field(namespace=incoming_patent).data"", ""required"": NaN}, {""business_area"": ""IP"", ""division_code"": ""INC"", ""case_type_code"": ""PATENT"", ""namespace"": ""incoming_patent"", ""param_key"": ""ep_application_no"", ""storage"": ""matter_custom_field(namespace=incoming_patent).data"", ""required"": NaN}, {""business_area"": ""IP"", ""division_code"": ""INC"", ""case_type_code"": ""PATENT"", ""namespace"": ""incoming_patent"", ""param_key"": ""parent_application_no"", ""storage"": ""matter_custom_field(namespace=incoming_patent).data"", ""required"": NaN}, {""business_area"": ""IP"", ""division_code"": ""INC"", ""case_type_code"": ""PATENT"", ""namespace"": ""incoming_patent"", ""param_key"": ""pct_application_no"", ""storage"": ""matter_custom_field(namespace=incoming_patent).data"", ""required"": NaN}, {""business_area"": ""IP"", ""division_code"": ""INC"", ""case_type_code"": ""TRADEMARK"", ""namespace"": ""incoming_trademark"", ""param_key"": ""application_no"", ""storage"": ""matter_custom_field(namespace=incoming_trademark).data"", ""required"": NaN}, {""business_area"": ""IP"", ""division_code"": ""INC"", ""case_type_code"": ""TRADEMARK"", ""namespace"": ""incoming_trademark"", ""param_key"": ""ctm_application_no"", ""storage"": ""matter_custom_field(namespace=incoming_trademark).data"", ""required"": NaN}, {""business_area"": ""IP"", ""division_code"": ""INC"", ""case_type_code"": ""TRADEMARK"", ""namespace"": ""incoming_trademark"", ""param_key"": ""madrid_application_no"", ""storage"": ""matter_custom_field(namespace=incoming_trademark).data"", ""required"": NaN}, {""business_area"": ""IP"", ""division_code"": ""INC"", ""case_type_code"": ""TRADEMARK"", ""namespace"": ""incoming_trademark"", ""param_key"": ""parent_application_no"", ""storage"": ""matter_custom_field(namespace=incoming_trademark).data"", ""required"": NaN}, {""business_area"": ""IP"", ""division_code"": ""OUT"", ""case_type_code"": ""DESIGN"", ""namespace"": ""outgoing_design"", ""param_key"": ""application_no"", ""storage"": ""matter_custom_field(namespace=outgoing_design).data"", ""required"": NaN}, {""business_area"": ""IP"", ""division_code"": ""OUT"", ""case_type_code"": ""DESIGN"", ""namespace"": ""outgoing_design"", ""param_key"": ""parent_application_no"", ""storage"": ""matter_custom_field(namespace=outgoing_design).data"", ""required"": NaN}, {""business_area"": ""IP"", ""division_code"": ""OUT"", ""case_type_code"": ""PATENT"", ""namespace"": ""outgoing_patent"", ""param_key"": ""application_no"", ""storage"": ""matter_custom_field(namespace=outgoing_patent).data"", ""required"": NaN}, {""business_area"": ""IP"", ""division_code"": ""OUT"", ""case_type_code"": ""PATENT"", ""namespace"": ""outgoing_patent"", ""param_key"": ""parent_application_no"", ""storage"": ""matter_custom_field(namespace=outgoing_patent).data"", ""required"": NaN}, {""business_area"": ""IP"", ""division_code"": ""OUT"", ""case_type_code"": ""PATENT"", ""namespace"": ""outgoing_patent"", ""param_key"": ""pct_application_no"", ""storage"": ""matter_custom_field(namespace=outgoing_patent).data"", ""required"": NaN}, {""business_area"": ""IP"", ""division_code"": ""OUT"", ""case_type_code"": ""TRADEMARK"", ""namespace"": ""outgoing_trademark"", ""param_key"": ""application_no"", ""storage"": ""matter_custom_field(namespace=outgoing_trademark).data"", ""required"": NaN}, {""business_area"": ""IP"", ""division_code"": ""OUT"", ""case_type_code"": ""TRADEMARK"", ""namespace"": ""outgoing_trademark"", ""param_key"": ""ctm_application_no"", ""storage"": ""matter_custom_field(namespace=outgoing_trademark).data"", ""required"": NaN}, {""business_area"": ""IP"", ""division_code"": ""OUT"", ""case_type_code"": ""TRADEMARK"", ""namespace"": ""outgoing_trademark"", ""param_key"": ""madrid_application_no"", ""storage"": ""matter_custom_field(namespace=outgoing_trademark).data"", ""required"": NaN}, {""business_area"": ""IP"", ""division_code"": ""OUT"", ""case_type_code"": ""TRADEMARK"", ""namespace"": ""outgoing_trademark"", ""param_key"": ""parent_application_no"", ""storage"": ""matter_custom_field(namespace=outgoing_trademark).data"", ""required"": NaN}]"
attorney,Text,12,"[{""business_area"": ""BASE"", ""division_code"": ""*"", ""case_type_code"": ""*"", ""namespace"": ""basic"", ""param_key"": ""attorney"", ""storage"": ""matter_custom_field(namespace=basic).data"", ""required"": NaN}, {""business_area"": ""BASE"", ""division_code"": ""*"", ""case_type_code"": ""*"", ""namespace"": ""form"", ""param_key"": ""attorney"", ""storage"": ""request.form"", ""required"": ""Y""}, {""business_area"": ""IP"", ""division_code"": ""DOM"", ""case_type_code"": ""DESIGN"", ""namespace"": ""domestic_design"", ""param_key"": ""attorney"", ""storage"": ""matter_custom_field(namespace=domestic_design).data"", ""required"": ""Y""}, {""business_area"": ""IP"", ""division_code"": ""DOM"", ""case_type_code"": ""PATENT"", ""namespace"": ""domestic_patent"", ""param_key"": ""attorney"", ""storage"": ""matter_custom_field(namespace=domestic_patent).data"", ""required"": ""Y""}, {""business_area"": ""IP"", ""division_code"": ""DOM"", ""case_type_code"": ""TRADEMARK"", ""namespace"": ""domestic_trademark"", ""param_key"": ""attorney"", ""storage"": ""matter_custom_field(namespace=domestic_trademark).data"", ""required"": ""Y""}, {""business_area"": ""IP"", ""division_code"": ""INC"", ""case_type_code"": ""DESIGN"", ""namespace"": ""incoming_design"", ""param_key"": ""attorney"", ""storage"": ""matter_custom_field(namespace=incoming_design).data"", ""required"": ""Y""}, {""business_area"": ""IP"", ""division_code"": ""INC"", ""case_type_code"": ""PATENT"", ""namespace"": ""incoming_patent"", ""param_key"": ""attorney"", ""storage"": ""matter_custom_field(namespace=incoming_patent).data"", ""required"": ""Y""}, {""business_area"": ""IP"", ""division_code"": ""INC"", ""case_type_code"": ""TRADEMARK"", ""namespace"": ""incoming_trademark"", ""param_key"": ""attorney"", ""storage"": ""matter_custom_field(namespace=incoming_trademark).data"", ""required"": ""Y""}, {""business_area"": ""IP"", ""division_code"": ""OUT"", ""case_type_code"": ""DESIGN"", ""namespace"": ""outgoing_design"", ""param_key"": ""attorney"", ""storage"": ""matter_custom_field(namespace=outgoing_design).data"", ""required"": ""Y""}, {""business_area"": ""IP"", ""division_code"": ""OUT"", ""case_type_code"": ""PATENT"", ""namespace"": ""outgoing_patent"", ""param_key"": ""attorney"", ""storage"": ""matter_custom_field(namespace=outgoing_patent).data"", ""required"": ""Y""}, {""business_area"": ""IP"", ""division_code"": ""OUT"", ""case_type_code"": ""TRADEMARK"", ""namespace"": ""outgoing_trademark"", ""param_key"": ""attorney"", ""storage"": ""matter_custom_field(namespace=outgoing_trademark).data"", ""required"": ""Y""}, {""business_area"": ""LITIGATION"", ""division_code"": NaN, ""case_type_code"": ""LITIGATION"", ""namespace"": ""litigation"", ""param_key"": ""attorney"", ""storage"": ""matter_custom_field(namespace=litigation).data"", ""required"": ""Y""}]"
class,Text,27,"[{""business_area"": ""IP"", ""division_code"": ""DOM"", ""case_type_code"": ""DESIGN"", ""namespace"": ""domestic_design"", ""param_key"": ""filing_kind"", ""storage"": ""matter_custom_field(namespace=domestic_design).data"", ""required"": NaN}, {""business_area"": ""IP"", ""division_code"": ""DOM"", ""case_type_code"": ""DESIGN"", ""namespace"": ""domestic_design"", ""param_key"": ""novelty_doc_deadline"", ""storage"": ""matter_custom_field(namespace=domestic_design).data"", ""required"": NaN}, {""business_area"": ""IP"", ""division_code"": ""DOM"", ""case_type_code"": ""DESIGN"", ""namespace"": ""domestic_design"", ""param_key"": ""novelty_doc_submitted"", ""storage"": ""matter_custom_field(namespace=domestic_design).data"", ""required"": NaN}, {""business_area"": ""IP"", ""division_code"": ""DOM"", ""case_type_code"": ""PATENT"", ""namespace"": ""domestic_patent"", ""param_key"": ""novelty_doc_deadline"", ""storage"": ""matter_custom_field(namespace=domestic_patent).data"", ""required"": NaN}, {""business_area"": ""IP"", ""division_code"": ""DOM"", ""case_type_code"": ""PATENT"", ""namespace"": ""domestic_patent"", ""param_key"": ""novelty_doc_submitted"", ""storage"": ""matter_custom_field(namespace=domestic_patent).data"", ""required"": NaN}, {""business_area"": ""IP"", ""division_code"": ""DOM"", ""case_type_code"": ""TRADEMARK"", ""namespace"": ""domestic_trademark"", ""param_key"": ""application_classes"", ""storage"": ""matter_custom_field(namespace=domestic_trademark).data"", ""required"": NaN}, {""business_area"": ""IP"", ""division_code"": ""DOM"", ""case_type_code"": ""TRADEMARK"", ""namespace"": ""domestic_trademark"", ""param_key"": ""registration_classes"", ""storage"": ""matter_custom_field(namespace=domestic_trademark).data"", ""required"": NaN}, {""business_area"": ""IP"", ""division_code"": ""DOM"", ""case_type_code"": ""TRADEMARK"", ""namespace"": ""domestic_trademark"", ""param_key"": ""special_claim_doc_deadline"", ""storage"": ""matter_custom_field(namespace=domestic_trademark).data"", ""required"": NaN}, {""business_area"": ""IP"", ""division_code"": ""INC"", ""case_type_code"": ""DESIGN"", ""namespace"": ""incoming_design"", ""param_key"": ""filing_kind"", ""storage"": ""matter_custom_field(namespace=incoming_design).data"", ""required"": NaN}, {""business_area"": ""IP"", ""division_code"": ""INC"", ""case_type_code"": ""DESIGN"", ""namespace"": ""incoming_design"", ""param_key"": ""novelty_doc_deadline"", ""storage"": ""matter_custom_field(namespace=incoming_design).data"", ""required"": NaN}, {""business_area"": ""IP"", ""division_code"": ""INC"", ""case_type_code"": ""DESIGN"", ""namespace"": ""incoming_design"", ""param_key"": ""novelty_doc_submitted"", ""storage"": ""matter_custom_field(namespace=incoming_design).data"", ""required"": NaN}, {""business_area"": ""IP"", ""division_code"": ""INC"", ""case_type_code"": ""PATENT"", ""namespace"": ""incoming_patent"", ""param_key"": ""novelty_doc_deadline"", ""storage"": ""matter_custom_field(namespace=incoming_patent).data"", ""required"": NaN}, {""business_area"": ""IP"", ""division_code"": ""INC"", ""case_type_code"": ""PATENT"", ""namespace"": ""incoming_patent"", ""param_key"": ""novelty_doc_submitted"", ""storage"": ""matter_custom_field(namespace=incoming_patent).data"", ""required"": NaN}, {""business_area"": ""IP"", ""division_code"": ""INC"", ""case_type_code"": ""TRADEMARK"", ""namespace"": ""incoming_trademark"", ""param_key"": ""application_classes"", ""storage"": ""matter_custom_field(namespace=incoming_trademark).data"", ""required"": NaN}, {""business_area"": ""IP"", ""division_code"": ""INC"", ""case_type_code"": ""TRADEMARK"", ""namespace"": ""incoming_trademark"", ""param_key"": ""registration_classes"", ""storage"": ""matter_custom_field(namespace=incoming_trademark).data"", ""required"": NaN}, {""business_area"": ""IP"", ""division_code"": ""INC"", ""case_type_code"": ""TRADEMARK"", ""namespace"": ""incoming_trademark"", ""param_key"": ""special_claim_doc_deadline"", ""storage"": ""matter_custom_field(namespace=incoming_trademark).data"", ""required"": NaN}, {""business_area"": ""IP"", ""division_code"": ""OUT"", ""case_type_code"": ""DESIGN"", ""namespace"": ""outgoing_design"", ""param_key"": ""filing_kind"", ""storage"": ""matter_custom_field(namespace=outgoing_design).data"", ""required"": NaN}, {""business_area"": ""IP"", ""division_code"": ""OUT"", ""case_type_code"": ""DESIGN"", ""namespace"": ""outgoing_design"", ""param_key"": ""novelty_doc_deadline"", ""storage"": ""matter_custom_field(namespace=outgoing_design).data"", ""required"": NaN}, {""business_area"": ""IP"", ""division_code"": ""OUT"", ""case_type_code"": ""DESIGN"", ""namespace"": ""outgoing_design"", ""param_key"": ""novelty_doc_submitted"", ""storage"": ""matter_custom_field(namespace=outgoing_design).data"", ""required"": NaN}, {""business_area"": ""IP"", ""division_code"": ""OUT"", ""case_type_code"": ""PATENT"", ""namespace"": ""outgoing_patent"", ""param_key"": ""novelty_doc_deadline"", ""storage"": ""matter_custom_field(namespace=outgoing_patent).data"", ""required"": NaN}, {""business_area"": ""IP"", ""division_code"": ""OUT"", ""case_type_code"": ""PATENT"", ""namespace"": ""outgoing_patent"", ""param_key"": ""novelty_doc_submitted"", ""storage"": ""matter_custom_field(namespace=outgoing_patent).data"", ""required"": NaN}, {""business_area"": ""IP"", ""division_code"": ""OUT"", ""case_type_code"": ""TRADEMARK"", ""namespace"": ""outgoing_trademark"", ""param_key"": ""application_classes"", ""storage"": ""matter_custom_field(namespace=outgoing_trademark).data"", ""required"": NaN}, {""business_area"": ""IP"", ""division_code"": ""OUT"", ""case_type_code"": ""TRADEMARK"", ""namespace"": ""outgoing_trademark"", ""param_key"": ""novelty_doc_deadline"", ""storage"": ""matter_custom_field(namespace=outgoing_trademark).data"", ""required"": NaN}, {""business_area"": ""IP"", ""division_code"": ""OUT"", ""case_type_code"": ""TRADEMARK"", ""namespace"": ""outgoing_trademark"", ""param_key"": ""novelty_doc_submitted"", ""storage"": ""matter_custom_field(namespace=outgoing_trademark).data"", ""required"": NaN}, {""business_area"": ""IP"", ""division_code"": ""OUT"", ""case_type_code"": ""TRADEMARK"", ""namespace"": ""outgoing_trademark"", ""param_key"": ""registration_classes"", ""storage"": ""matter_custom_field(namespace=outgoing_trademark).data"", ""required"": NaN}, {""business_area"": ""LITIGATION"", ""division_code"": NaN, ""case_type_code"": ""LITIGATION"", ""namespace"": ""litigation"", ""param_key"": ""court"", ""storage"": ""matter_custom_field(namespace=litigation).data"", ""required"": NaN}, {""business_area"": ""LITIGATION"", ""division_code"": NaN, ""case_type_code"": ""LITIGATION"", ""namespace"": ""litigation"", ""param_key"": ""court_other"", ""storage"": ""matter_custom_field(namespace=litigation).data"", ""required"": NaN}]"
client_name,Text,10,"[{""business_area"": ""IP"", ""division_code"": ""DOM"", ""case_type_code"": ""DESIGN"", ""namespace"": ""domestic_design"", ""param_key"": ""client_name"", ""storage"": ""matter_custom_field(namespace=domestic_design).data"", ""required"": NaN}, {""business_area"": ""IP"", ""division_code"": ""DOM"", ""case_type_code"": ""PATENT"", ""namespace"": ""domestic_patent"", ""param_key"": ""client_name"", ""storage"": ""matter_custom_field(namespace=domestic_patent).data"", ""required"": NaN}, {""business_area"": ""IP"", ""division_code"": ""DOM"", ""case_type_code"": ""TRADEMARK"", ""namespace"": ""domestic_trademark"", ""param_key"": ""client_name"", ""storage"": ""matter_custom_field(namespace=domestic_trademark).data"", ""required"": NaN}, {""business_area"": ""IP"", ""division_code"": ""INC"", ""case_type_code"": ""DESIGN"", ""namespace"": ""incoming_design"", ""param_key"": ""client_name"", ""storage"": ""matter_custom_field(namespace=incoming_design).data"", ""required"": NaN}, {""business_area"": ""IP"", ""division_code"": ""INC"", ""case_type_code"": ""PATENT"", ""namespace"": ""incoming_patent"", ""param_key"": ""client_name"", ""storage"": ""matter_custom_field(namespace=incoming_patent).data"", ""required"": NaN}, {""business_area"": ""IP"", ""division_code"": ""INC"", ""case_type_code"": ""TRADEMARK"", ""namespace"": ""incoming_trademark"", ""param_key"": ""client_name"", ""storage"": ""matter_custom_field(namespace=incoming_trademark).data"", ""required"": NaN}, {""business_area"": ""IP"", ""division_code"": ""OUT"", ""case_type_code"": ""DESIGN"", ""namespace"": ""outgoing_design"", ""param_key"": ""client_name"", ""storage"": ""matter_custom_field(namespace=outgoing_design).data"", ""required"": NaN}, {""business_area"": ""IP"", ""division_code"": ""OUT"", ""case_type_code"": ""PATENT"", ""namespace"": ""outgoing_patent"", ""param_key"": ""client_name"", ""storage"": ""matter_custom_field(namespace=outgoing_patent).data"", ""required"": NaN}, {""business_area"": ""IP"", ""division_code"": ""OUT"", ""case_type_code"": ""TRADEMARK"", ""namespace"": ""outgoing_trademark"", ""param_key"": ""client_name"", ""storage"": ""matter_custom_field(namespace=outgoing_trademark).data"", ""required"": NaN}, {""business_area"": ""LITIGATION"", ""division_code"": NaN, ""case_type_code"": ""LITIGATION"", ""namespace"": ""litigation"", ""param_key"": ""client_name"", ""storage"": ""matter_custom_field(namespace=litigation).data"", ""required"": NaN}]"
country,Text,4,"[{""business_area"": ""IP"", ""division_code"": ""DOM"", ""case_type_code"": ""PATENT"", ""namespace"": ""domestic_patent"", ""param_key"": ""national_rnd"", ""storage"": ""matter_custom_field(namespace=domestic_patent).data"", ""required"": NaN}, {""business_area"": ""IP"", ""division_code"": ""OUT"", ""case_type_code"": ""DESIGN"", ""namespace"": ""outgoing_design"", ""param_key"": ""application_country"", ""storage"": ""matter_custom_field(namespace=outgoing_design).data"", ""required"": NaN}, {""business_area"": ""IP"", ""division_code"": ""OUT"", ""case_type_code"": ""PATENT"", ""namespace"": ""outgoing_patent"", ""param_key"": ""application_country"", ""storage"": ""matter_custom_field(namespace=outgoing_patent).data"", ""required"": NaN}, {""business_area"": ""IP"", ""division_code"": ""OUT"", ""case_type_code"": ""TRADEMARK"", ""namespace"": ""outgoing_trademark"", ""param_key"": ""application_country"", ""storage"": ""matter_custom_field(namespace=outgoing_trademark).data"", ""required"": NaN}]"
department,Text,10,"[{""business_area"": ""IP"", ""division_code"": ""DOM"", ""case_type_code"": ""DESIGN"", ""namespace"": ""domestic_design"", ""param_key"": ""department"", ""storage"": ""matter_custom_field(namespace=domestic_design).data"", ""required"": NaN}, {""business_area"": ""IP"", ""division_code"": ""DOM"", ""case_type_code"": ""PATENT"", ""namespace"": ""domestic_patent"", ""param_key"": ""department"", ""storage"": ""matter_custom_field(namespace=domestic_patent).data"", ""required"": NaN}, {""business_area"": ""IP"", ""division_code"": ""DOM"", ""case_type_code"": ""TRADEMARK"", ""namespace"": ""domestic_trademark"", ""param_key"": ""department"", ""storage"": ""matter_custom_field(namespace=domestic_trademark).data"", ""required"": NaN}, {""business_area"": ""IP"", ""division_code"": ""INC"", ""case_type_code"": ""DESIGN"", ""namespace"": ""incoming_design"", ""param_key"": ""department"", ""storage"": ""matter_custom_field(namespace=incoming_design).data"", ""required"": NaN}, {""business_area"": ""IP"", ""division_code"": ""INC"", ""case_type_code"": ""PATENT"", ""namespace"": ""incoming_patent"", ""param_key"": ""department"", ""storage"": ""matter_custom_field(namespace=incoming_patent).data"", ""required"": NaN}, {""business_area"": ""IP"", ""division_code"": ""INC"", ""case_type_code"": ""TRADEMARK"", ""namespace"": ""incoming_trademark"", ""param_key"": ""department"", ""storage"": ""matter_custom_field(namespace=incoming_trademark).data"", ""required"": NaN}, {""business_area"": ""IP"", ""division_code"": ""OUT"", ""case_type_code"": ""DESIGN"", ""namespace"": ""outgoing_design"", ""param_key"": ""department"", ""storage"": ""matter_custom_field(namespace=outgoing_design).data"", ""required"": NaN}, {""business_area"": ""IP"", ""division_code"": ""OUT"", ""case_type_code"": ""PATENT"", ""namespace"": ""outgoing_patent"", ""param_key"": ""department"", ""storage"": ""matter_custom_field(namespace=outgoing_patent).data"", ""required"": NaN}, {""business_area"": ""IP"", ""division_code"": ""OUT"", ""case_type_code"": ""TRADEMARK"", ""namespace"": ""outgoing_trademark"", ""param_key"": ""department"", ""storage"": ""matter_custom_field(namespace=outgoing_trademark).data"", ""required"": NaN}, {""business_area"": ""LITIGATION"", ""division_code"": NaN, ""case_type_code"": ""LITIGATION"", ""namespace"": ""litigation"", ""param_key"": ""department"", ""storage"": ""matter_custom_field(namespace=litigation).data"", ""required"": NaN}]"
drawing_contact,Text,10,"[{""business_area"": ""IP"", ""division_code"": ""DOM"", ""case_type_code"": ""DESIGN"", ""namespace"": ""domestic_design"", ""param_key"": ""drawing_handler"", ""storage"": ""matter_custom_field(namespace=domestic_design).data"", ""required"": NaN}, {""business_area"": ""IP"", ""division_code"": ""DOM"", ""case_type_code"": ""PATENT"", ""namespace"": ""domestic_patent"", ""param_key"": ""drawing_handler"", ""storage"": ""matter_custom_field(namespace=domestic_patent).data"", ""required"": NaN}, {""business_area"": ""IP"", ""division_code"": ""DOM"", ""case_type_code"": ""TRADEMARK"", ""namespace"": ""domestic_trademark"", ""param_key"": ""drawing_handler"", ""storage"": ""matter_custom_field(namespace=domestic_trademark).data"", ""required"": NaN}, {""business_area"": ""IP"", ""division_code"": ""INC"", ""case_type_code"": ""DESIGN"", ""namespace"": ""incoming_design"", ""param_key"": ""drawing_handler"", ""storage"": ""matter_custom_field(namespace=incoming_design).data"", ""required"": NaN}, {""business_area"": ""IP"", ""division_code"": ""INC"", ""case_type_code"": ""PATENT"", ""namespace"": ""incoming_patent"", ""param_key"": ""drawing_handler"", ""storage"": ""matter_custom_field(namespace=incoming_patent).data"", ""required"": NaN}, {""business_area"": ""IP"", ""division_code"": ""INC"", ""case_type_code"": ""TRADEMARK"", ""namespace"": ""incoming_trademark"", ""param_key"": ""drawing_handler"", ""storage"": ""matter_custom_field(namespace=incoming_trademark).data"", ""required"": NaN}, {""business_area"": ""IP"", ""division_code"": ""OUT"", ""case_type_code"": ""DESIGN"", ""namespace"": ""outgoing_design"", ""param_key"": ""drawing_handler"", ""storage"": ""matter_custom_field(namespace=outgoing_design).data"", ""required"": NaN}, {""business_area"": ""IP"", ""division_code"": ""OUT"", ""case_type_code"": ""PATENT"", ""namespace"": ""outgoing_patent"", ""param_key"": ""drawing_handler"", ""storage"": ""matter_custom_field(namespace=outgoing_patent).data"", ""required"": NaN}, {""business_area"": ""IP"", ""division_code"": ""OUT"", ""case_type_code"": ""TRADEMARK"", ""namespace"": ""outgoing_trademark"", ""param_key"": ""drawing_handler"", ""storage"": ""matter_custom_field(namespace=outgoing_trademark).data"", ""required"": NaN}, {""business_area"": ""LITIGATION"", ""division_code"": NaN, ""case_type_code"": ""LITIGATION"", ""namespace"": ""litigation"", ""param_key"": ""drawing_handler"", ""storage"": ""matter_custom_field(namespace=litigation).data"", ""required"": NaN}]"
filing_route,Text,6,"[{""business_area"": ""IP"", ""division_code"": ""INC"", ""case_type_code"": ""DESIGN"", ""namespace"": ""incoming_design"", ""param_key"": ""app_route"", ""storage"": ""matter_custom_field(namespace=incoming_design).data"", ""required"": NaN}, {""business_area"": ""IP"", ""division_code"": ""INC"", ""case_type_code"": ""PATENT"", ""namespace"": ""incoming_patent"", ""param_key"": ""app_route"", ""storage"": ""matter_custom_field(namespace=incoming_patent).data"", ""required"": NaN}, {""business_area"": ""IP"", ""division_code"": ""INC"", ""case_type_code"": ""TRADEMARK"", ""namespace"": ""incoming_trademark"", ""param_key"": ""app_route"", ""storage"": ""matter_custom_field(namespace=incoming_trademark).data"", ""required"": NaN}, {""business_area"": ""IP"", ""division_code"": ""OUT"", ""case_type_code"": ""DESIGN"", ""namespace"": ""outgoing_design"", ""param_key"": ""app_route"", ""storage"": ""matter_custom_field(namespace=outgoing_design).data"", ""required"": NaN}, {""business_area"": ""IP"", ""division_code"": ""OUT"", ""case_type_code"": ""PATENT"", ""namespace"": ""outgoing_patent"", ""param_key"": ""app_route"", ""storage"": ""matter_custom_field(namespace=outgoing_patent).data"", ""required"": NaN}, {""business_area"": ""IP"", ""division_code"": ""OUT"", ""case_type_code"": ""TRADEMARK"", ""namespace"": ""outgoing_trademark"", ""param_key"": ""app_route"", ""storage"": ""matter_custom_field(namespace=outgoing_trademark).data"", ""required"": NaN}]"
final_rejection_date,Text,9,"[{""business_area"": ""IP"", ""division_code"": ""DOM"", ""case_type_code"": ""DESIGN"", ""namespace"": ""domestic_design"", ""param_key"": ""rejection_date"", ""storage"": ""matter_custom_field(namespace=domestic_design).data"", ""required"": NaN}, {""business_area"": ""IP"", ""division_code"": ""DOM"", ""case_type_code"": ""PATENT"", ""namespace"": ""domestic_patent"", ""param_key"": ""rejection_date"", ""storage"": ""matter_custom_field(namespace=domestic_patent).data"", ""required"": NaN}, {""business_area"": ""IP"", ""division_code"": ""DOM"", ""case_type_code"": ""TRADEMARK"", ""namespace"": ""domestic_trademark"", ""param_key"": ""rejection_date"", ""storage"": ""matter_custom_field(namespace=domestic_trademark).data"", ""required"": NaN}, {""business_area"": ""IP"", ""division_code"": ""INC"", ""case_type_code"": ""DESIGN"", ""namespace"": ""incoming_design"", ""param_key"": ""rejection_date"", ""storage"": ""matter_custom_field(namespace=incoming_design).data"", ""required"": NaN}, {""business_area"": ""IP"", ""division_code"": ""INC"", ""case_type_code"": ""PATENT"", ""namespace"": ""incoming_patent"", ""param_key"": ""rejection_date"", ""storage"": ""matter_custom_field(namespace=incoming_patent).data"", ""required"": NaN}, {""business_area"": ""IP"", ""division_code"": ""INC"", ""case_type_code"": ""TRADEMARK"", ""namespace"": ""incoming_trademark"", ""param_key"": ""rejection_date"", ""storage"": ""matter_custom_field(namespace=incoming_trademark).data"", ""required"": NaN}, {""business_area"": ""IP"", ""division_code"": ""OUT"", ""case_type_code"": ""DESIGN"", ""namespace"": ""outgoing_design"", ""param_key"": ""rejection_date"", ""storage"": ""matter_custom_field(namespace=outgoing_design).data"", ""required"": NaN}, {""business_area"": ""IP"", ""division_code"": ""OUT"", ""case_type_code"": ""PATENT"", ""namespace"": ""outgoing_patent"", ""param_key"": ""rejection_date"", ""storage"": ""matter_custom_field(namespace=outgoing_patent).data"", ""required"": NaN}, {""business_area"": ""IP"", ""division_code"": ""OUT"", ""case_type_code"": ""TRADEMARK"", ""namespace"": ""outgoing_trademark"", ""param_key"": ""rejection_date"", ""storage"": ""matter_custom_field(namespace=outgoing_trademark).data"", ""required"": NaN}]"
handler,Text,11,"[{""business_area"": ""BASE"", ""division_code"": ""*"", ""case_type_code"": ""*"", ""namespace"": ""basic"", ""param_key"": ""handler"", ""storage"": ""matter_custom_field(namespace=basic).data"", ""required"": NaN}, {""business_area"": ""IP"", ""division_code"": ""DOM"", ""case_type_code"": ""DESIGN"", ""namespace"": ""domestic_design"", ""param_key"": ""handler"", ""storage"": ""matter_custom_field(namespace=domestic_design).data"", ""required"": NaN}, {""business_area"": ""IP"", ""division_code"": ""DOM"", ""case_type_code"": ""PATENT"", ""namespace"": ""domestic_patent"", ""param_key"": ""handler"", ""storage"": ""matter_custom_field(namespace=domestic_patent).data"", ""required"": NaN}, {""business_area"": ""IP"", ""division_code"": ""DOM"", ""case_type_code"": ""TRADEMARK"", ""namespace"": ""domestic_trademark"", ""param_key"": ""handler"", ""storage"": ""matter_custom_field(namespace=domestic_trademark).data"", ""required"": NaN}, {""business_area"": ""IP"", ""division_code"": ""INC"", ""case_type_code"": ""DESIGN"", ""namespace"": ""incoming_design"", ""param_key"": ""handler"", ""storage"": ""matter_custom_field(namespace=incoming_design).data"", ""required"": NaN}, {""business_area"": ""IP"", ""division_code"": ""INC"", ""case_type_code"": ""PATENT"", ""namespace"": ""incoming_patent"", ""param_key"": ""handler"", ""storage"": ""matter_custom_field(namespace=incoming_patent).data"", ""required"": NaN}, {""business_area"": ""IP"", ""division_code"": ""INC"", ""case_type_code"": ""TRADEMARK"", ""namespace"": ""incoming_trademark"", ""param_key"": ""handler"", ""storage"": ""matter_custom_field(namespace=incoming_trademark).data"", ""required"": NaN}, {""business_area"": ""IP"", ""division_code"": ""OUT"", ""case_type_code"": ""DESIGN"", ""namespace"": ""outgoing_design"", ""param_key"": ""handler"", ""storage"": ""matter_custom_field(namespace=outgoing_design).data"", ""required"": NaN}, {""business_area"": ""IP"", ""division_code"": ""OUT"", ""case_type_code"": ""PATENT"", ""namespace"": ""outgoing_patent"", ""param_key"": ""handler"", ""storage"": ""matter_custom_field(namespace=outgoing_patent).data"", ""required"": NaN}, {""business_area"": ""IP"", ""division_code"": ""OUT"", ""case_type_code"": ""TRADEMARK"", ""namespace"": ""outgoing_trademark"", ""param_key"": ""handler"", ""storage"": ""matter_custom_field(namespace=outgoing_trademark).data"", ""required"": NaN}, {""business_area"": ""LITIGATION"", ""division_code"": NaN, ""case_type_code"": ""LITIGATION"", ""namespace"": ""litigation"", ""param_key"": ""handler"", ""storage"": ""matter_custom_field(namespace=litigation).data"", ""required"": NaN}]"
hold_reason,Text,10,"[{""business_area"": ""IP"", ""division_code"": ""DOM"", ""case_type_code"": ""DESIGN"", ""namespace"": ""domestic_design"", ""param_key"": ""stand_reason"", ""storage"": ""matter_custom_field(namespace=domestic_design).data"", ""required"": NaN}, {""business_area"": ""IP"", ""division_code"": ""DOM"", ""case_type_code"": ""PATENT"", ""namespace"": ""domestic_patent"", ""param_key"": ""stand_reason"", ""storage"": ""matter_custom_field(namespace=domestic_patent).data"", ""required"": NaN}, {""business_area"": ""IP"", ""division_code"": ""DOM"", ""case_type_code"": ""TRADEMARK"", ""namespace"": ""domestic_trademark"", ""param_key"": ""stand_reason"", ""storage"": ""matter_custom_field(namespace=domestic_trademark).data"", ""required"": NaN}, {""business_area"": ""IP"", ""division_code"": ""INC"", ""case_type_code"": ""DESIGN"", ""namespace"": ""incoming_design"", ""param_key"": ""stand_reason"", ""storage"": ""matter_custom_field(namespace=incoming_design).data"", ""required"": NaN}, {""business_area"": ""IP"", ""division_code"": ""INC"", ""case_type_code"": ""PATENT"", ""namespace"": ""incoming_patent"", ""param_key"": ""stand_reason"", ""storage"": ""matter_custom_field(namespace=incoming_patent).data"", ""required"": NaN}, {""business_area"": ""IP"", ""division_code"": ""INC"", ""case_type_code"": ""TRADEMARK"", ""namespace"": ""incoming_trademark"", ""param_key"": ""stand_reason"", ""storage"": ""matter_custom_field(namespace=incoming_trademark).data"", ""required"": NaN}, {""business_area"": ""IP"", ""division_code"": ""OUT"", ""case_type_code"": ""DESIGN"", ""namespace"": ""outgoing_design"", ""param_key"": ""stand_reason"", ""storage"": ""matter_custom_field(namespace=outgoing_design).data"", ""required"": NaN}, {""business_area"": ""IP"", ""division_code"": ""OUT"", ""case_type_code"": ""PATENT"", ""namespace"": ""outgoing_patent"", ""param_key"": ""stand_reason"", ""storage"": ""matter_custom_field(namespace=outgoing_patent).data"", ""required"": NaN}, {""business_area"": ""IP"", ""division_code"": ""OUT"", ""case_type_code"": ""TRADEMARK"", ""namespace"": ""outgoing_trademark"", ""param_key"": ""stand_reason"", ""storage"": ""matter_custom_field(namespace=outgoing_trademark).data"", ""required"": NaN}, {""business_area"": ""LITIGATION"", ""division_code"": NaN, ""case_type_code"": ""LITIGATION"", ""namespace"": ""litigation"", ""param_key"": ""stand_reason"", ""storage"": ""matter_custom_field(namespace=litigation).data"", ""required"": NaN}]"
inventor,Text,3,"[{""business_area"": ""IP"", ""division_code"": ""DOM"", ""case_type_code"": ""PATENT"", ""namespace"": ""domestic_patent"", ""param_key"": ""inventor_name"", ""storage"": ""matter_custom_field(namespace=domestic_patent).data"", ""required"": NaN}, {""business_area"": ""IP"", ""division_code"": ""INC"", ""case_type_code"": ""PATENT"", ""namespace"": ""incoming_patent"", ""param_key"": ""inventor_name"", ""storage"": ""matter_custom_field(namespace=incoming_patent).data"", ""required"": NaN}, {""business_area"": ""IP"", ""division_code"": ""OUT"", ""case_type_code"": ""PATENT"", ""namespace"": ""outgoing_patent"", ""param_key"": ""inventor_name"", ""storage"": ""matter_custom_field(namespace=outgoing_patent).data"", ""required"": NaN}]"
manager,Text,12,"[{""business_area"": ""BASE"", ""division_code"": ""*"", ""case_type_code"": ""*"", ""namespace"": ""basic"", ""param_key"": ""manager"", ""storage"": ""matter_custom_field(namespace=basic).data"", ""required"": NaN}, {""business_area"": ""BASE"", ""division_code"": ""*"", ""case_type_code"": ""*"", ""namespace"": ""form"", ""param_key"": ""manager"", ""storage"": ""request.form"", ""required"": ""Y""}, {""business_area"": ""IP"", ""division_code"": ""DOM"", ""case_type_code"": ""DESIGN"", ""namespace"": ""domestic_design"", ""param_key"": ""manager"", ""storage"": ""matter_custom_field(namespace=domestic_design).data"", ""required"": ""Y""}, {""business_area"": ""IP"", ""division_code"": ""DOM"", ""case_type_code"": ""PATENT"", ""namespace"": ""domestic_patent"", ""param_key"": ""manager"", ""storage"": ""matter_custom_field(namespace=domestic_patent).data"", ""required"": ""Y""}, {""business_area"": ""IP"", ""division_code"": ""DOM"", ""case_type_code"": ""TRADEMARK"", ""namespace"": ""domestic_trademark"", ""param_key"": ""manager"", ""storage"": ""matter_custom_field(namespace=domestic_trademark).data"", ""required"": ""Y""}, {""business_area"": ""IP"", ""division_code"": ""INC"", ""case_type_code"": ""DESIGN"", ""namespace"": ""incoming_design"", ""param_key"": ""manager"", ""storage"": ""matter_custom_field(namespace=incoming_design).data"", ""required"": ""Y""}, {""business_area"": ""IP"", ""division_code"": ""INC"", ""case_type_code"": ""PATENT"", ""namespace"": ""incoming_patent"", ""param_key"": ""manager"", ""storage"": ""matter_custom_field(namespace=incoming_patent).data"", ""required"": ""Y""}, {""business_area"": ""IP"", ""division_code"": ""INC"", ""case_type_code"": ""TRADEMARK"", ""namespace"": ""incoming_trademark"", ""param_key"": ""manager"", ""storage"": ""matter_custom_field(namespace=incoming_trademark).data"", ""required"": ""Y""}, {""business_area"": ""IP"", ""division_code"": ""OUT"", ""case_type_code"": ""DESIGN"", ""namespace"": ""outgoing_design"", ""param_key"": ""manager"", ""storage"": ""matter_custom_field(namespace=outgoing_design).data"", ""required"": ""Y""}, {""business_area"": ""IP"", ""division_code"": ""OUT"", ""case_type_code"": ""PATENT"", ""namespace"": ""outgoing_patent"", ""param_key"": ""manager"", ""storage"": ""matter_custom_field(namespace=outgoing_patent).data"", ""required"": ""Y""}, {""business_area"": ""IP"", ""division_code"": ""OUT"", ""case_type_code"": ""TRADEMARK"", ""namespace"": ""outgoing_trademark"", ""param_key"": ""manager"", ""storage"": ""matter_custom_field(namespace=outgoing_trademark).data"", ""required"": ""Y""}, {""business_area"": ""LITIGATION"", ""division_code"": NaN, ""case_type_code"": ""LITIGATION"", ""namespace"": ""litigation"", ""param_key"": ""manager"", ""storage"": ""matter_custom_field(namespace=litigation).data"", ""required"": ""Y""}]"
memo,Text,11,"[{""business_area"": ""BASE"", ""division_code"": ""*"", ""case_type_code"": ""*"", ""namespace"": ""matter"", ""param_key"": ""memo"", ""storage"": ""matter.memo"", ""required"": NaN}, {""business_area"": ""IP"", ""division_code"": ""DOM"", ""case_type_code"": ""DESIGN"", ""namespace"": ""domestic_design"", ""param_key"": ""misc_memo"", ""storage"": ""matter_custom_field(namespace=domestic_design).data"", ""required"": NaN}, {""business_area"": ""IP"", ""division_code"": ""DOM"", ""case_type_code"": ""PATENT"", ""namespace"": ""domestic_patent"", ""param_key"": ""memo2"", ""storage"": ""matter_custom_field(namespace=domestic_patent).data"", ""required"": NaN}, {""business_area"": ""IP"", ""division_code"": ""DOM"", ""case_type_code"": ""TRADEMARK"", ""namespace"": ""domestic_trademark"", ""param_key"": ""memo2"", ""storage"": ""matter_custom_field(namespace=domestic_trademark).data"", ""required"": NaN}, {""business_area"": ""IP"", ""division_code"": ""INC"", ""case_type_code"": ""DESIGN"", ""namespace"": ""incoming_design"", ""param_key"": ""memo2"", ""storage"": ""matter_custom_field(namespace=incoming_design).data"", ""required"": NaN}, {""business_area"": ""IP"", ""division_code"": ""INC"", ""case_type_code"": ""PATENT"", ""namespace"": ""incoming_patent"", ""param_key"": ""memo2"", ""storage"": ""matter_custom_field(namespace=incoming_patent).data"", ""required"": NaN}, {""business_area"": ""IP"", ""division_code"": ""INC"", ""case_type_code"": ""TRADEMARK"", ""namespace"": ""incoming_trademark"", ""param_key"": ""memo2"", ""storage"": ""matter_custom_field(namespace=incoming_trademark).data"", ""required"": NaN}, {""business_area"": ""IP"", ""division_code"": ""OUT"", ""case_type_code"": ""DESIGN"", ""namespace"": ""outgoing_design"", ""param_key"": ""memo2"", ""storage"": ""matter_custom_field(namespace=outgoing_design).data"", ""required"": NaN}, {""business_area"": ""IP"", ""division_code"": ""OUT"", ""case_type_code"": ""PATENT"", ""namespace"": ""outgoing_patent"", ""param_key"": ""memo2"", ""storage"": ""matter_custom_field(namespace=outgoing_patent).data"", ""required"": NaN}, {""business_area"": ""IP"", ""division_code"": ""OUT"", ""case_type_code"": ""TRADEMARK"", ""namespace"": ""outgoing_trademark"", ""param_key"": ""memo2"", ""storage"": ""matter_custom_field(namespace=outgoing_trademark).data"", ""required"": NaN}, {""business_area"": ""LITIGATION"", ""division_code"": NaN, ""case_type_code"": ""LITIGATION"", ""namespace"": ""litigation"", ""param_key"": ""memo2"", ""storage"": ""matter_custom_field(namespace=litigation).data"", ""required"": NaN}]"
opposition_decision_date,Text,9,"[{""business_area"": ""IP"", ""division_code"": ""DOM"", ""case_type_code"": ""DESIGN"", ""namespace"": ""domestic_design"", ""param_key"": ""opposition_decision_date"", ""storage"": ""matter_custom_field(namespace=domestic_design).data"", ""required"": NaN}, {""business_area"": ""IP"", ""division_code"": ""DOM"", ""case_type_code"": ""PATENT"", ""namespace"": ""domestic_patent"", ""param_key"": ""opposition_decision_date"", ""storage"": ""matter_custom_field(namespace=domestic_patent).data"", ""required"": NaN}, {""business_area"": ""IP"", ""division_code"": ""DOM"", ""case_type_code"": ""TRADEMARK"", ""namespace"": ""domestic_trademark"", ""param_key"": ""opposition_decision_date"", ""storage"": ""matter_custom_field(namespace=domestic_trademark).data"", ""required"": NaN}, {""business_area"": ""IP"", ""division_code"": ""INC"", ""case_type_code"": ""DESIGN"", ""namespace"": ""incoming_design"", ""param_key"": ""opposition_decision_date"", ""storage"": ""matter_custom_field(namespace=incoming_design).data"", ""required"": NaN}, {""business_area"": ""IP"", ""division_code"": ""INC"", ""case_type_code"": ""PATENT"", ""namespace"": ""incoming_patent"", ""param_key"": ""opposition_decision_date"", ""storage"": ""matter_custom_field(namespace=incoming_patent).data"", ""required"": NaN}, {""business_area"": ""IP"", ""division_code"": ""INC"", ""case_type_code"": ""TRADEMARK"", ""namespace"": ""incoming_trademark"", ""param_key"": ""opposition_decision_date"", ""storage"": ""matter_custom_field(namespace=incoming_trademark).data"", ""required"": NaN}, {""business_area"": ""IP"", ""division_code"": ""OUT"", ""case_type_code"": ""DESIGN"", ""namespace"": ""outgoing_design"", ""param_key"": ""opposition_decision_date"", ""storage"": ""matter_custom_field(namespace=outgoing_design).data"", ""required"": NaN}, {""business_area"": ""IP"", ""division_code"": ""OUT"", ""case_type_code"": ""PATENT"", ""namespace"": ""outgoing_patent"", ""param_key"": ""opposition_decision_date"", ""storage"": ""matter_custom_field(namespace=outgoing_patent).data"", ""required"": NaN}, {""business_area"": ""IP"", ""division_code"": ""OUT"", ""case_type_code"": ""TRADEMARK"", ""namespace"": ""outgoing_trademark"", ""param_key"": ""opposition_decision_date"", ""storage"": ""matter_custom_field(namespace=outgoing_trademark).data"", ""required"": NaN}]"
opposition_filed_date,Text,9,"[{""business_area"": ""IP"", ""division_code"": ""DOM"", ""case_type_code"": ""DESIGN"", ""namespace"": ""domestic_design"", ""param_key"": ""opposition_date"", ""storage"": ""matter_custom_field(namespace=domestic_design).data"", ""required"": NaN}, {""business_area"": ""IP"", ""division_code"": ""DOM"", ""case_type_code"": ""PATENT"", ""namespace"": ""domestic_patent"", ""param_key"": ""opposition_date"", ""storage"": ""matter_custom_field(namespace=domestic_patent).data"", ""required"": NaN}, {""business_area"": ""IP"", ""division_code"": ""DOM"", ""case_type_code"": ""TRADEMARK"", ""namespace"": ""domestic_trademark"", ""param_key"": ""opposition_date"", ""storage"": ""matter_custom_field(namespace=domestic_trademark).data"", ""required"": NaN}, {""business_area"": ""IP"", ""division_code"": ""INC"", ""case_type_code"": ""DESIGN"", ""namespace"": ""incoming_design"", ""param_key"": ""opposition_date"", ""storage"": ""matter_custom_field(namespace=incoming_design).data"", ""required"": NaN}, {""business_area"": ""IP"", ""division_code"": ""INC"", ""case_type_code"": ""PATENT"", ""namespace"": ""incoming_patent"", ""param_key"": ""opposition_date"", ""storage"": ""matter_custom_field(namespace=incoming_patent).data"", ""required"": NaN}, {""business_area"": ""IP"", ""division_code"": ""INC"", ""case_type_code"": ""TRADEMARK"", ""namespace"": ""incoming_trademark"", ""param_key"": ""opposition_date"", ""storage"": ""matter_custom_field(namespace=incoming_trademark).data"", ""required"": NaN}, {""business_area"": ""IP"", ""division_code"": ""OUT"", ""case_type_code"": ""DESIGN"", ""namespace"": ""outgoing_design"", ""param_key"": ""opposition_date"", ""storage"": ""matter_custom_field(namespace=outgoing_design).data"", ""required"": NaN}, {""business_area"": ""IP"", ""division_code"": ""OUT"", ""case_type_code"": ""PATENT"", ""namespace"": ""outgoing_patent"", ""param_key"": ""opposition_date"", ""storage"": ""matter_custom_field(namespace=outgoing_patent).data"", ""required"": NaN}, {""business_area"": ""IP"", ""division_code"": ""OUT"", ""case_type_code"": ""TRADEMARK"", ""namespace"": ""outgoing_trademark"", ""param_key"": ""opposition_date"", ""storage"": ""matter_custom_field(namespace=outgoing_trademark).data"", ""required"": NaN}]"
opposition_no,Text,9,"[{""business_area"": ""IP"", ""division_code"": ""DOM"", ""case_type_code"": ""DESIGN"", ""namespace"": ""domestic_design"", ""param_key"": ""opposition_no"", ""storage"": ""matter_custom_field(namespace=domestic_design).data"", ""required"": NaN}, {""business_area"": ""IP"", ""division_code"": ""DOM"", ""case_type_code"": ""PATENT"", ""namespace"": ""domestic_patent"", ""param_key"": ""opposition_no"", ""storage"": ""matter_custom_field(namespace=domestic_patent).data"", ""required"": NaN}, {""business_area"": ""IP"", ""division_code"": ""DOM"", ""case_type_code"": ""TRADEMARK"", ""namespace"": ""domestic_trademark"", ""param_key"": ""opposition_no"", ""storage"": ""matter_custom_field(namespace=domestic_trademark).data"", ""required"": NaN}, {""business_area"": ""IP"", ""division_code"": ""INC"", ""case_type_code"": ""DESIGN"", ""namespace"": ""incoming_design"", ""param_key"": ""opposition_no"", ""storage"": ""matter_custom_field(namespace=incoming_design).data"", ""required"": NaN}, {""business_area"": ""IP"", ""division_code"": ""INC"", ""case_type_code"": ""PATENT"", ""namespace"": ""incoming_patent"", ""param_key"": ""opposition_no"", ""storage"": ""matter_custom_field(namespace=incoming_patent).data"", ""required"": NaN}, {""business_area"": ""IP"", ""division_code"": ""INC"", ""case_type_code"": ""TRADEMARK"", ""namespace"": ""incoming_trademark"", ""param_key"": ""opposition_no"", ""storage"": ""matter_custom_field(namespace=incoming_trademark).data"", ""required"": NaN}, {""business_area"": ""IP"", ""division_code"": ""OUT"", ""case_type_code"": ""DESIGN"", ""namespace"": ""outgoing_design"", ""param_key"": ""opposition_no"", ""storage"": ""matter_custom_field(namespace=outgoing_design).data"", ""required"": NaN}, {""business_area"": ""IP"", ""division_code"": ""OUT"", ""case_type_code"": ""PATENT"", ""namespace"": ""outgoing_patent"", ""param_key"": ""opposition_no"", ""storage"": ""matter_custom_field(namespace=outgoing_patent).data"", ""required"": NaN}, {""business_area"": ""IP"", ""division_code"": ""OUT"", ""case_type_code"": ""TRADEMARK"", ""namespace"": ""outgoing_trademark"", ""param_key"": ""opposition_no"", ""storage"": ""matter_custom_field(namespace=outgoing_trademark).data"", ""required"": NaN}]"
original_app_date,Text,9,"[{""business_area"": ""IP"", ""division_code"": ""DOM"", ""case_type_code"": ""DESIGN"", ""namespace"": ""domestic_design"", ""param_key"": ""parent_application_date"", ""storage"": ""matter_custom_field(namespace=domestic_design).data"", ""required"": NaN}, {""business_area"": ""IP"", ""division_code"": ""DOM"", ""case_type_code"": ""PATENT"", ""namespace"": ""domestic_patent"", ""param_key"": ""parent_application_date"", ""storage"": ""matter_custom_field(namespace=domestic_patent).data"", ""required"": NaN}, {""business_area"": ""IP"", ""division_code"": ""DOM"", ""case_type_code"": ""TRADEMARK"", ""namespace"": ""domestic_trademark"", ""param_key"": ""parent_application_date"", ""storage"": ""matter_custom_field(namespace=domestic_trademark).data"", ""required"": NaN}, {""business_area"": ""IP"", ""division_code"": ""INC"", ""case_type_code"": ""DESIGN"", ""namespace"": ""incoming_design"", ""param_key"": ""parent_application_date"", ""storage"": ""matter_custom_field(namespace=incoming_design).data"", ""required"": NaN}, {""business_area"": ""IP"", ""division_code"": ""INC"", ""case_type_code"": ""PATENT"", ""namespace"": ""incoming_patent"", ""param_key"": ""parent_application_date"", ""storage"": ""matter_custom_field(namespace=incoming_patent).data"", ""required"": NaN}, {""business_area"": ""IP"", ""division_code"": ""INC"", ""case_type_code"": ""TRADEMARK"", ""namespace"": ""incoming_trademark"", ""param_key"": ""parent_application_date"", ""storage"": ""matter_custom_field(namespace=incoming_trademark).data"", ""required"": NaN}, {""business_area"": ""IP"", ""division_code"": ""OUT"", ""case_type_code"": ""DESIGN"", ""namespace"": ""outgoing_design"", ""param_key"": ""parent_application_date"", ""storage"": ""matter_custom_field(namespace=outgoing_design).data"", ""required"": NaN}, {""business_area"": ""IP"", ""division_code"": ""OUT"", ""case_type_code"": ""PATENT"", ""namespace"": ""outgoing_patent"", ""param_key"": ""parent_application_date"", ""storage"": ""matter_custom_field(namespace=outgoing_patent).data"", ""required"": NaN}, {""business_area"": ""IP"", ""division_code"": ""OUT"", ""case_type_code"": ""TRADEMARK"", ""namespace"": ""outgoing_trademark"", ""param_key"": ""parent_application_date"", ""storage"": ""matter_custom_field(namespace=outgoing_trademark).data"", ""required"": NaN}]"
original_app_no,Text,9,"[{""business_area"": ""IP"", ""division_code"": ""DOM"", ""case_type_code"": ""DESIGN"", ""namespace"": ""domestic_design"", ""param_key"": ""parent_application_no"", ""storage"": ""matter_custom_field(namespace=domestic_design).data"", ""required"": NaN}, {""business_area"": ""IP"", ""division_code"": ""DOM"", ""case_type_code"": ""PATENT"", ""namespace"": ""domestic_patent"", ""param_key"": ""parent_application_no"", ""storage"": ""matter_custom_field(namespace=domestic_patent).data"", ""required"": NaN}, {""business_area"": ""IP"", ""division_code"": ""DOM"", ""case_type_code"": ""TRADEMARK"", ""namespace"": ""domestic_trademark"", ""param_key"": ""parent_application_no"", ""storage"": ""matter_custom_field(namespace=domestic_trademark).data"", ""required"": NaN}, {""business_area"": ""IP"", ""division_code"": ""INC"", ""case_type_code"": ""DESIGN"", ""namespace"": ""incoming_design"", ""param_key"": ""parent_application_no"", ""storage"": ""matter_custom_field(namespace=incoming_design).data"", ""required"": NaN}, {""business_area"": ""IP"", ""division_code"": ""INC"", ""case_type_code"": ""PATENT"", ""namespace"": ""incoming_patent"", ""param_key"": ""parent_application_no"", ""storage"": ""matter_custom_field(namespace=incoming_patent).data"", ""required"": NaN}, {""business_area"": ""IP"", ""division_code"": ""INC"", ""case_type_code"": ""TRADEMARK"", ""namespace"": ""incoming_trademark"", ""param_key"": ""parent_application_no"", ""storage"": ""matter_custom_field(namespace=incoming_trademark).data"", ""required"": NaN}, {""business_area"": ""IP"", ""division_code"": ""OUT"", ""case_type_code"": ""DESIGN"", ""namespace"": ""outgoing_design"", ""param_key"": ""parent_application_no"", ""storage"": ""matter_custom_field(namespace=outgoing_design).data"", ""required"": NaN}, {""business_area"": ""IP"", ""division_code"": ""OUT"", ""case_type_code"": ""PATENT"", ""namespace"": ""outgoing_patent"", ""param_key"": ""parent_application_no"", ""storage"": ""matter_custom_field(namespace=outgoing_patent).data"", ""required"": NaN}, {""business_area"": ""IP"", ""division_code"": ""OUT"", ""case_type_code"": ""TRADEMARK"", ""namespace"": ""outgoing_trademark"", ""param_key"": ""parent_application_no"", ""storage"": ""matter_custom_field(namespace=outgoing_trademark).data"", ""required"": NaN}]"
our_ref,Text,2,"[{""business_area"": ""BASE"", ""division_code"": ""*"", ""case_type_code"": ""*"", ""namespace"": ""form"", ""param_key"": ""our_ref"", ""storage"": ""request.form"", ""required"": ""Y""}, {""business_area"": ""BASE"", ""division_code"": ""*"", ""case_type_code"": ""*"", ""namespace"": ""matter"", ""param_key"": ""our_ref"", ""storage"": ""matter.our_ref"", ""required"": ""Y""}]"
priority_date,Text,9,"[{""business_area"": ""IP"", ""division_code"": ""DOM"", ""case_type_code"": ""DESIGN"", ""namespace"": ""domestic_design"", ""param_key"": ""priority_date"", ""storage"": ""matter_custom_field(namespace=domestic_design).data"", ""required"": NaN}, {""business_area"": ""IP"", ""division_code"": ""DOM"", ""case_type_code"": ""PATENT"", ""namespace"": ""domestic_patent"", ""param_key"": ""priority_date"", ""storage"": ""matter_custom_field(namespace=domestic_patent).data"", ""required"": NaN}, {""business_area"": ""IP"", ""division_code"": ""DOM"", ""case_type_code"": ""TRADEMARK"", ""namespace"": ""domestic_trademark"", ""param_key"": ""priority_date"", ""storage"": ""matter_custom_field(namespace=domestic_trademark).data"", ""required"": NaN}, {""business_area"": ""IP"", ""division_code"": ""INC"", ""case_type_code"": ""DESIGN"", ""namespace"": ""incoming_design"", ""param_key"": ""priority_date"", ""storage"": ""matter_custom_field(namespace=incoming_design).data"", ""required"": NaN}, {""business_area"": ""IP"", ""division_code"": ""INC"", ""case_type_code"": ""PATENT"", ""namespace"": ""incoming_patent"", ""param_key"": ""priority_date"", ""storage"": ""matter_custom_field(namespace=incoming_patent).data"", ""required"": NaN}, {""business_area"": ""IP"", ""division_code"": ""INC"", ""case_type_code"": ""TRADEMARK"", ""namespace"": ""incoming_trademark"", ""param_key"": ""priority_date"", ""storage"": ""matter_custom_field(namespace=incoming_trademark).data"", ""required"": NaN}, {""business_area"": ""IP"", ""division_code"": ""OUT"", ""case_type_code"": ""DESIGN"", ""namespace"": ""outgoing_design"", ""param_key"": ""priority_date"", ""storage"": ""matter_custom_field(namespace=outgoing_design).data"", ""required"": NaN}, {""business_area"": ""IP"", ""division_code"": ""OUT"", ""case_type_code"": ""PATENT"", ""namespace"": ""outgoing_patent"", ""param_key"": ""priority_date"", ""storage"": ""matter_custom_field(namespace=outgoing_patent).data"", ""required"": NaN}, {""business_area"": ""IP"", ""division_code"": ""OUT"", ""case_type_code"": ""TRADEMARK"", ""namespace"": ""outgoing_trademark"", ""param_key"": ""priority_date"", ""storage"": ""matter_custom_field(namespace=outgoing_trademark).data"", ""required"": NaN}]"
priority_no,Text,9,"[{""business_area"": ""IP"", ""division_code"": ""DOM"", ""case_type_code"": ""DESIGN"", ""namespace"": ""domestic_design"", ""param_key"": ""priority_no"", ""storage"": ""matter_custom_field(namespace=domestic_design).data"", ""required"": NaN}, {""business_area"": ""IP"", ""division_code"": ""DOM"", ""case_type_code"": ""PATENT"", ""namespace"": ""domestic_patent"", ""param_key"": ""priority_no"", ""storage"": ""matter_custom_field(namespace=domestic_patent).data"", ""required"": NaN}, {""business_area"": ""IP"", ""division_code"": ""DOM"", ""case_type_code"": ""TRADEMARK"", ""namespace"": ""domestic_trademark"", ""param_key"": ""priority_no"", ""storage"": ""matter_custom_field(namespace=domestic_trademark).data"", ""required"": NaN}, {""business_area"": ""IP"", ""division_code"": ""INC"", ""case_type_code"": ""DESIGN"", ""namespace"": ""incoming_design"", ""param_key"": ""priority_no"", ""storage"": ""matter_custom_field(namespace=incoming_design).data"", ""required"": NaN}, {""business_area"": ""IP"", ""division_code"": ""INC"", ""case_type_code"": ""PATENT"", ""namespace"": ""incoming_patent"", ""param_key"": ""priority_no"", ""storage"": ""matter_custom_field(namespace=incoming_patent).data"", ""required"": NaN}, {""business_area"": ""IP"", ""division_code"": ""INC"", ""case_type_code"": ""TRADEMARK"", ""namespace"": ""incoming_trademark"", ""param_key"": ""priority_no"", ""storage"": ""matter_custom_field(namespace=incoming_trademark).data"", ""required"": NaN}, {""business_area"": ""IP"", ""division_code"": ""OUT"", ""case_type_code"": ""DESIGN"", ""namespace"": ""outgoing_design"", ""param_key"": ""priority_no"", ""storage"": ""matter_custom_field(namespace=outgoing_design).data"", ""required"": NaN}, {""business_area"": ""IP"", ""division_code"": ""OUT"", ""case_type_code"": ""PATENT"", ""namespace"": ""outgoing_patent"", ""param_key"": ""priority_no"", ""storage"": ""matter_custom_field(namespace=outgoing_patent).data"", ""required"": NaN}, {""business_area"": ""IP"", ""division_code"": ""OUT"", ""case_type_code"": ""TRADEMARK"", ""namespace"": ""outgoing_trademark"", ""param_key"": ""priority_no"", ""storage"": ""matter_custom_field(namespace=outgoing_trademark).data"", ""required"": NaN}]"
publication_date,Text,9,"[{""business_area"": ""IP"", ""division_code"": ""DOM"", ""case_type_code"": ""DESIGN"", ""namespace"": ""domestic_design"", ""param_key"": ""publication_date"", ""storage"": ""matter_custom_field(namespace=domestic_design).data"", ""required"": NaN}, {""business_area"": ""IP"", ""division_code"": ""DOM"", ""case_type_code"": ""PATENT"", ""namespace"": ""domestic_patent"", ""param_key"": ""publication_date"", ""storage"": ""matter_custom_field(namespace=domestic_patent).data"", ""required"": NaN}, {""business_area"": ""IP"", ""division_code"": ""DOM"", ""case_type_code"": ""TRADEMARK"", ""namespace"": ""domestic_trademark"", ""param_key"": ""publication_date"", ""storage"": ""matter_custom_field(namespace=domestic_trademark).data"", ""required"": NaN}, {""business_area"": ""IP"", ""division_code"": ""INC"", ""case_type_code"": ""DESIGN"", ""namespace"": ""incoming_design"", ""param_key"": ""publication_date"", ""storage"": ""matter_custom_field(namespace=incoming_design).data"", ""required"": NaN}, {""business_area"": ""IP"", ""division_code"": ""INC"", ""case_type_code"": ""PATENT"", ""namespace"": ""incoming_patent"", ""param_key"": ""publication_date"", ""storage"": ""matter_custom_field(namespace=incoming_patent).data"", ""required"": NaN}, {""business_area"": ""IP"", ""division_code"": ""INC"", ""case_type_code"": ""TRADEMARK"", ""namespace"": ""incoming_trademark"", ""param_key"": ""publication_date"", ""storage"": ""matter_custom_field(namespace=incoming_trademark).data"", ""required"": NaN}, {""business_area"": ""IP"", ""division_code"": ""OUT"", ""case_type_code"": ""DESIGN"", ""namespace"": ""outgoing_design"", ""param_key"": ""publication_date"", ""storage"": ""matter_custom_field(namespace=outgoing_design).data"", ""required"": NaN}, {""business_area"": ""IP"", ""division_code"": ""OUT"", ""case_type_code"": ""PATENT"", ""namespace"": ""outgoing_patent"", ""param_key"": ""publication_date"", ""storage"": ""matter_custom_field(namespace=outgoing_patent).data"", ""required"": NaN}, {""business_area"": ""IP"", ""division_code"": ""OUT"", ""case_type_code"": ""TRADEMARK"", ""namespace"": ""outgoing_trademark"", ""param_key"": ""publication_date"", ""storage"": ""matter_custom_field(namespace=outgoing_trademark).data"", ""required"": NaN}]"
publication_no,Text,9,"[{""business_area"": ""IP"", ""division_code"": ""DOM"", ""case_type_code"": ""DESIGN"", ""namespace"": ""domestic_design"", ""param_key"": ""publication_no"", ""storage"": ""matter_custom_field(namespace=domestic_design).data"", ""required"": NaN}, {""business_area"": ""IP"", ""division_code"": ""DOM"", ""case_type_code"": ""PATENT"", ""namespace"": ""domestic_patent"", ""param_key"": ""publication_no"", ""storage"": ""matter_custom_field(namespace=domestic_patent).data"", ""required"": NaN}, {""business_area"": ""IP"", ""division_code"": ""DOM"", ""case_type_code"": ""TRADEMARK"", ""namespace"": ""domestic_trademark"", ""param_key"": ""publication_no"", ""storage"": ""matter_custom_field(namespace=domestic_trademark).data"", ""required"": NaN}, {""business_area"": ""IP"", ""division_code"": ""INC"", ""case_type_code"": ""DESIGN"", ""namespace"": ""incoming_design"", ""param_key"": ""publication_no"", ""storage"": ""matter_custom_field(namespace=incoming_design).data"", ""required"": NaN}, {""business_area"": ""IP"", ""division_code"": ""INC"", ""case_type_code"": ""PATENT"", ""namespace"": ""incoming_patent"", ""param_key"": ""publication_no"", ""storage"": ""matter_custom_field(namespace=incoming_patent).data"", ""required"": NaN}, {""business_area"": ""IP"", ""division_code"": ""INC"", ""case_type_code"": ""TRADEMARK"", ""namespace"": ""incoming_trademark"", ""param_key"": ""publication_no"", ""storage"": ""matter_custom_field(namespace=incoming_trademark).data"", ""required"": NaN}, {""business_area"": ""IP"", ""division_code"": ""OUT"", ""case_type_code"": ""DESIGN"", ""namespace"": ""outgoing_design"", ""param_key"": ""publication_no"", ""storage"": ""matter_custom_field(namespace=outgoing_design).data"", ""required"": NaN}, {""business_area"": ""IP"", ""division_code"": ""OUT"", ""case_type_code"": ""PATENT"", ""namespace"": ""outgoing_patent"", ""param_key"": ""publication_no"", ""storage"": ""matter_custom_field(namespace=outgoing_patent).data"", ""required"": NaN}, {""business_area"": ""IP"", ""division_code"": ""OUT"", ""case_type_code"": ""TRADEMARK"", ""namespace"": ""outgoing_trademark"", ""param_key"": ""publication_no"", ""storage"": ""matter_custom_field(namespace=outgoing_trademark).data"", ""required"": NaN}]"
received_date,Text,10,"[{""business_area"": ""IP"", ""division_code"": ""DOM"", ""case_type_code"": ""DESIGN"", ""namespace"": ""domestic_design"", ""param_key"": ""retained_date"", ""storage"": ""matter_custom_field(namespace=domestic_design).data"", ""required"": NaN}, {""business_area"": ""IP"", ""division_code"": ""DOM"", ""case_type_code"": ""PATENT"", ""namespace"": ""domestic_patent"", ""param_key"": ""retained_date"", ""storage"": ""matter_custom_field(namespace=domestic_patent).data"", ""required"": NaN}, {""business_area"": ""IP"", ""division_code"": ""DOM"", ""case_type_code"": ""TRADEMARK"", ""namespace"": ""domestic_trademark"", ""param_key"": ""retained_date"", ""storage"": ""matter_custom_field(namespace=domestic_trademark).data"", ""required"": NaN}, {""business_area"": ""IP"", ""division_code"": ""INC"", ""case_type_code"": ""DESIGN"", ""namespace"": ""incoming_design"", ""param_key"": ""retained_date"", ""storage"": ""matter_custom_field(namespace=incoming_design).data"", ""required"": NaN}, {""business_area"": ""IP"", ""division_code"": ""INC"", ""case_type_code"": ""PATENT"", ""namespace"": ""incoming_patent"", ""param_key"": ""retained_date"", ""storage"": ""matter_custom_field(namespace=incoming_patent).data"", ""required"": NaN}, {""business_area"": ""IP"", ""division_code"": ""INC"", ""case_type_code"": ""TRADEMARK"", ""namespace"": ""incoming_trademark"", ""param_key"": ""retained_date"", ""storage"": ""matter_custom_field(namespace=incoming_trademark).data"", ""required"": NaN}, {""business_area"": ""IP"", ""division_code"": ""OUT"", ""case_type_code"": ""DESIGN"", ""namespace"": ""outgoing_design"", ""param_key"": ""retained_date"", ""storage"": ""matter_custom_field(namespace=outgoing_design).data"", ""required"": NaN}, {""business_area"": ""IP"", ""division_code"": ""OUT"", ""case_type_code"": ""PATENT"", ""namespace"": ""outgoing_patent"", ""param_key"": ""retained_date"", ""storage"": ""matter_custom_field(namespace=outgoing_patent).data"", ""required"": NaN}, {""business_area"": ""IP"", ""division_code"": ""OUT"", ""case_type_code"": ""TRADEMARK"", ""namespace"": ""outgoing_trademark"", ""param_key"": ""retained_date"", ""storage"": ""matter_custom_field(namespace=outgoing_trademark).data"", ""required"": NaN}, {""business_area"": ""LITIGATION"", ""division_code"": NaN, ""case_type_code"": ""LITIGATION"", ""namespace"": ""litigation"", ""param_key"": ""retained_date"", ""storage"": ""matter_custom_field(namespace=litigation).data"", ""required"": NaN}]"
registration_date,Text,14,"[{""business_area"": ""IP"", ""division_code"": ""DOM"", ""case_type_code"": ""DESIGN"", ""namespace"": ""domestic_design"", ""param_key"": ""basic_registration_date"", ""storage"": ""matter_custom_field(namespace=domestic_design).data"", ""required"": NaN}, {""business_area"": ""IP"", ""division_code"": ""DOM"", ""case_type_code"": ""DESIGN"", ""namespace"": ""domestic_design"", ""param_key"": ""registration_date"", ""storage"": ""matter_custom_field(namespace=domestic_design).data"", ""required"": NaN}, {""business_area"": ""IP"", ""division_code"": ""DOM"", ""case_type_code"": ""PATENT"", ""namespace"": ""domestic_patent"", ""param_key"": ""registration_date"", ""storage"": ""matter_custom_field(namespace=domestic_patent).data"", ""required"": NaN}, {""business_area"": ""IP"", ""division_code"": ""DOM"", ""case_type_code"": ""TRADEMARK"", ""namespace"": ""domestic_trademark"", ""param_key"": ""original_registration_date"", ""storage"": ""matter_custom_field(namespace=domestic_trademark).data"", ""required"": NaN}, {""business_area"": ""IP"", ""division_code"": ""DOM"", ""case_type_code"": ""TRADEMARK"", ""namespace"": ""domestic_trademark"", ""param_key"": ""registration_date"", ""storage"": ""matter_custom_field(namespace=domestic_trademark).data"", ""required"": NaN}, {""business_area"": ""IP"", ""division_code"": ""INC"", ""case_type_code"": ""DESIGN"", ""namespace"": ""incoming_design"", ""param_key"": ""basic_registration_date"", ""storage"": ""matter_custom_field(namespace=incoming_design).data"", ""required"": NaN}, {""business_area"": ""IP"", ""division_code"": ""INC"", ""case_type_code"": ""DESIGN"", ""namespace"": ""incoming_design"", ""param_key"": ""registration_date"", ""storage"": ""matter_custom_field(namespace=incoming_design).data"", ""required"": NaN}, {""business_area"": ""IP"", ""division_code"": ""INC"", ""case_type_code"": ""PATENT"", ""namespace"": ""incoming_patent"", ""param_key"": ""registration_date"", ""storage"": ""matter_custom_field(namespace=incoming_patent).data"", ""required"": NaN}, {""business_area"": ""IP"", ""division_code"": ""INC"", ""case_type_code"": ""TRADEMARK"", ""namespace"": ""incoming_trademark"", ""param_key"": ""original_registration_date"", ""storage"": ""matter_custom_field(namespace=incoming_trademark).data"", ""required"": NaN}, {""business_area"": ""IP"", ""division_code"": ""INC"", ""case_type_code"": ""TRADEMARK"", ""namespace"": ""incoming_trademark"", ""param_key"": ""registration_date"", ""storage"": ""matter_custom_field(namespace=incoming_trademark).data"", ""required"": NaN}, {""business_area"": ""IP"", ""division_code"": ""OUT"", ""case_type_code"": ""DESIGN"", ""namespace"": ""outgoing_design"", ""param_key"": ""registration_date"", ""storage"": ""matter_custom_field(namespace=outgoing_design).data"", ""required"": NaN}, {""business_area"": ""IP"", ""division_code"": ""OUT"", ""case_type_code"": ""PATENT"", ""namespace"": ""outgoing_patent"", ""param_key"": ""ep_registration_date"", ""storage"": ""matter_custom_field(namespace=outgoing_patent).data"", ""required"": NaN}, {""business_area"": ""IP"", ""division_code"": ""OUT"", ""case_type_code"": ""PATENT"", ""namespace"": ""outgoing_patent"", ""param_key"": ""registration_date"", ""storage"": ""matter_custom_field(namespace=outgoing_patent).data"", ""required"": NaN}, {""business_area"": ""IP"", ""division_code"": ""OUT"", ""case_type_code"": ""TRADEMARK"", ""namespace"": ""outgoing_trademark"", ""param_key"": ""registration_date"", ""storage"": ""matter_custom_field(namespace=outgoing_trademark).data"", ""required"": NaN}]"
registration_no,Text,14,"[{""business_area"": ""IP"", ""division_code"": ""DOM"", ""case_type_code"": ""DESIGN"", ""namespace"": ""domestic_design"", ""param_key"": ""basic_registration_no"", ""storage"": ""matter_custom_field(namespace=domestic_design).data"", ""required"": NaN}, {""business_area"": ""IP"", ""division_code"": ""DOM"", ""case_type_code"": ""DESIGN"", ""namespace"": ""domestic_design"", ""param_key"": ""registration_no"", ""storage"": ""matter_custom_field(namespace=domestic_design).data"", ""required"": NaN}, {""business_area"": ""IP"", ""division_code"": ""DOM"", ""case_type_code"": ""PATENT"", ""namespace"": ""domestic_patent"", ""param_key"": ""registration_no"", ""storage"": ""matter_custom_field(namespace=domestic_patent).data"", ""required"": NaN}, {""business_area"": ""IP"", ""division_code"": ""DOM"", ""case_type_code"": ""TRADEMARK"", ""namespace"": ""domestic_trademark"", ""param_key"": ""original_registration_no"", ""storage"": ""matter_custom_field(namespace=domestic_trademark).data"", ""required"": NaN}, {""business_area"": ""IP"", ""division_code"": ""DOM"", ""case_type_code"": ""TRADEMARK"", ""namespace"": ""domestic_trademark"", ""param_key"": ""registration_no"", ""storage"": ""matter_custom_field(namespace=domestic_trademark).data"", ""required"": NaN}, {""business_area"": ""IP"", ""division_code"": ""INC"", ""case_type_code"": ""DESIGN"", ""namespace"": ""incoming_design"", ""param_key"": ""basic_registration_no"", ""storage"": ""matter_custom_field(namespace=incoming_design).data"", ""required"": NaN}, {""business_area"": ""IP"", ""division_code"": ""INC"", ""case_type_code"": ""DESIGN"", ""namespace"": ""incoming_design"", ""param_key"": ""registration_no"", ""storage"": ""matter_custom_field(namespace=incoming_design).data"", ""required"": NaN}, {""business_area"": ""IP"", ""division_code"": ""INC"", ""case_type_code"": ""PATENT"", ""namespace"": ""incoming_patent"", ""param_key"": ""registration_no"", ""storage"": ""matter_custom_field(namespace=incoming_patent).data"", ""required"": NaN}, {""business_area"": ""IP"", ""division_code"": ""INC"", ""case_type_code"": ""TRADEMARK"", ""namespace"": ""incoming_trademark"", ""param_key"": ""original_registration_no"", ""storage"": ""matter_custom_field(namespace=incoming_trademark).data"", ""required"": NaN}, {""business_area"": ""IP"", ""division_code"": ""INC"", ""case_type_code"": ""TRADEMARK"", ""namespace"": ""incoming_trademark"", ""param_key"": ""registration_no"", ""storage"": ""matter_custom_field(namespace=incoming_trademark).data"", ""required"": NaN}, {""business_area"": ""IP"", ""division_code"": ""OUT"", ""case_type_code"": ""DESIGN"", ""namespace"": ""outgoing_design"", ""param_key"": ""registration_no"", ""storage"": ""matter_custom_field(namespace=outgoing_design).data"", ""required"": NaN}, {""business_area"": ""IP"", ""division_code"": ""OUT"", ""case_type_code"": ""PATENT"", ""namespace"": ""outgoing_patent"", ""param_key"": ""ep_registration_no"", ""storage"": ""matter_custom_field(namespace=outgoing_patent).data"", ""required"": NaN}, {""business_area"": ""IP"", ""division_code"": ""OUT"", ""case_type_code"": ""PATENT"", ""namespace"": ""outgoing_patent"", ""param_key"": ""registration_no"", ""storage"": ""matter_custom_field(namespace=outgoing_patent).data"", ""required"": NaN}, {""business_area"": ""IP"", ""division_code"": ""OUT"", ""case_type_code"": ""TRADEMARK"", ""namespace"": ""outgoing_trademark"", ""param_key"": ""registration_no"", ""storage"": ""matter_custom_field(namespace=outgoing_trademark).data"", ""required"": NaN}]"
status_internal,Text,8,"[{""business_area"": ""IP"", ""division_code"": ""DOM"", ""case_type_code"": ""DESIGN"", ""namespace"": ""domestic_design"", ""param_key"": ""inhouse_status"", ""storage"": ""matter_custom_field(namespace=domestic_design).data"", ""required"": NaN}, {""business_area"": ""IP"", ""division_code"": ""DOM"", ""case_type_code"": ""TRADEMARK"", ""namespace"": ""domestic_trademark"", ""param_key"": ""inhouse_status"", ""storage"": ""matter_custom_field(namespace=domestic_trademark).data"", ""required"": NaN}, {""business_area"": ""IP"", ""division_code"": ""INC"", ""case_type_code"": ""DESIGN"", ""namespace"": ""incoming_design"", ""param_key"": ""inhouse_status"", ""storage"": ""matter_custom_field(namespace=incoming_design).data"", ""required"": NaN}, {""business_area"": ""IP"", ""division_code"": ""INC"", ""case_type_code"": ""PATENT"", ""namespace"": ""incoming_patent"", ""param_key"": ""inhouse_status"", ""storage"": ""matter_custom_field(namespace=incoming_patent).data"", ""required"": NaN}, {""business_area"": ""IP"", ""division_code"": ""INC"", ""case_type_code"": ""TRADEMARK"", ""namespace"": ""incoming_trademark"", ""param_key"": ""inhouse_status"", ""storage"": ""matter_custom_field(namespace=incoming_trademark).data"", ""required"": NaN}, {""business_area"": ""IP"", ""division_code"": ""OUT"", ""case_type_code"": ""DESIGN"", ""namespace"": ""outgoing_design"", ""param_key"": ""inhouse_status"", ""storage"": ""matter_custom_field(namespace=outgoing_design).data"", ""required"": NaN}, {""business_area"": ""IP"", ""division_code"": ""OUT"", ""case_type_code"": ""PATENT"", ""namespace"": ""outgoing_patent"", ""param_key"": ""inhouse_status"", ""storage"": ""matter_custom_field(namespace=outgoing_patent).data"", ""required"": NaN}, {""business_area"": ""IP"", ""division_code"": ""OUT"", ""case_type_code"": ""TRADEMARK"", ""namespace"": ""outgoing_trademark"", ""param_key"": ""inhouse_status"", ""storage"": ""matter_custom_field(namespace=outgoing_trademark).data"", ""required"": NaN}]"
trial_decision_date,Text,8,"[{""business_area"": ""IP"", ""division_code"": ""DOM"", ""case_type_code"": ""DESIGN"", ""namespace"": ""domestic_design"", ""param_key"": ""appeal_decision_date"", ""storage"": ""matter_custom_field(namespace=domestic_design).data"", ""required"": NaN}, {""business_area"": ""IP"", ""division_code"": ""DOM"", ""case_type_code"": ""PATENT"", ""namespace"": ""domestic_patent"", ""param_key"": ""appeal_decision_date"", ""storage"": ""matter_custom_field(namespace=domestic_patent).data"", ""required"": NaN}, {""business_area"": ""IP"", ""division_code"": ""DOM"", ""case_type_code"": ""TRADEMARK"", ""namespace"": ""domestic_trademark"", ""param_key"": ""appeal_decision_date"", ""storage"": ""matter_custom_field(namespace=domestic_trademark).data"", ""required"": NaN}, {""business_area"": ""IP"", ""division_code"": ""INC"", ""case_type_code"": ""DESIGN"", ""namespace"": ""incoming_design"", ""param_key"": ""appeal_decision_date"", ""storage"": ""matter_custom_field(namespace=incoming_design).data"", ""required"": NaN}, {""business_area"": ""IP"", ""division_code"": ""INC"", ""case_type_code"": ""PATENT"", ""namespace"": ""incoming_patent"", ""param_key"": ""appeal_decision_date"", ""storage"": ""matter_custom_field(namespace=incoming_patent).data"", ""required"": NaN}, {""business_area"": ""IP"", ""division_code"": ""OUT"", ""case_type_code"": ""DESIGN"", ""namespace"": ""outgoing_design"", ""param_key"": ""appeal_decision_date"", ""storage"": ""matter_custom_field(namespace=outgoing_design).data"", ""required"": NaN}, {""business_area"": ""IP"", ""division_code"": ""OUT"", ""case_type_code"": ""PATENT"", ""namespace"": ""outgoing_patent"", ""param_key"": ""appeal_decision_date"", ""storage"": ""matter_custom_field(namespace=outgoing_patent).data"", ""required"": NaN}, {""business_area"": ""IP"", ""division_code"": ""OUT"", ""case_type_code"": ""TRADEMARK"", ""namespace"": ""outgoing_trademark"", ""param_key"": ""appeal_decision_date"", ""storage"": ""matter_custom_field(namespace=outgoing_trademark).data"", ""required"": NaN}]"
trial_no,Text,8,"[{""business_area"": ""IP"", ""division_code"": ""DOM"", ""case_type_code"": ""DESIGN"", ""namespace"": ""domestic_design"", ""param_key"": ""appeal_no"", ""storage"": ""matter_custom_field(namespace=domestic_design).data"", ""required"": NaN}, {""business_area"": ""IP"", ""division_code"": ""DOM"", ""case_type_code"": ""PATENT"", ""namespace"": ""domestic_patent"", ""param_key"": ""appeal_no"", ""storage"": ""matter_custom_field(namespace=domestic_patent).data"", ""required"": NaN}, {""business_area"": ""IP"", ""division_code"": ""DOM"", ""case_type_code"": ""TRADEMARK"", ""namespace"": ""domestic_trademark"", ""param_key"": ""appeal_no"", ""storage"": ""matter_custom_field(namespace=domestic_trademark).data"", ""required"": NaN}, {""business_area"": ""IP"", ""division_code"": ""INC"", ""case_type_code"": ""DESIGN"", ""namespace"": ""incoming_design"", ""param_key"": ""appeal_no"", ""storage"": ""matter_custom_field(namespace=incoming_design).data"", ""required"": NaN}, {""business_area"": ""IP"", ""division_code"": ""INC"", ""case_type_code"": ""PATENT"", ""namespace"": ""incoming_patent"", ""param_key"": ""appeal_no"", ""storage"": ""matter_custom_field(namespace=incoming_patent).data"", ""required"": NaN}, {""business_area"": ""IP"", ""division_code"": ""OUT"", ""case_type_code"": ""DESIGN"", ""namespace"": ""outgoing_design"", ""param_key"": ""appeal_no"", ""storage"": ""matter_custom_field(namespace=outgoing_design).data"", ""required"": NaN}, {""business_area"": ""IP"", ""division_code"": ""OUT"", ""case_type_code"": ""PATENT"", ""namespace"": ""outgoing_patent"", ""param_key"": ""appeal_no"", ""storage"": ""matter_custom_field(namespace=outgoing_patent).data"", ""required"": NaN}, {""business_area"": ""IP"", ""division_code"": ""OUT"", ""case_type_code"": ""TRADEMARK"", ""namespace"": ""outgoing_trademark"", ""param_key"": ""appeal_no"", ""storage"": ""matter_custom_field(namespace=outgoing_trademark).data"", ""required"": NaN}]"
trial_result,Text,2,"[{""business_area"": ""IP"", ""division_code"": ""DOM"", ""case_type_code"": ""TRADEMARK"", ""namespace"": ""domestic_trademark"", ""param_key"": ""cancellation_decision_result"", ""storage"": ""matter_custom_field(namespace=domestic_trademark).data"", ""required"": NaN}, {""business_area"": ""IP"", ""division_code"": ""INC"", ""case_type_code"": ""TRADEMARK"", ""namespace"": ""incoming_trademark"", ""param_key"": ""cancellation_decision_result"", ""storage"": ""matter_custom_field(namespace=incoming_trademark).data"", ""required"": NaN}]"
withdrawal_date,Text/Text,10,"[{""business_area"": ""IP"", ""division_code"": ""DOM"", ""case_type_code"": ""DESIGN"", ""namespace"": ""domestic_design"", ""param_key"": ""abandon_date"", ""storage"": ""matter_custom_field(namespace=domestic_design).data"", ""required"": NaN}, {""business_area"": ""IP"", ""division_code"": ""DOM"", ""case_type_code"": ""PATENT"", ""namespace"": ""domestic_patent"", ""param_key"": ""abandon_date"", ""storage"": ""matter_custom_field(namespace=domestic_patent).data"", ""required"": NaN}, {""business_area"": ""IP"", ""division_code"": ""DOM"", ""case_type_code"": ""TRADEMARK"", ""namespace"": ""domestic_trademark"", ""param_key"": ""abandon_date"", ""storage"": ""matter_custom_field(namespace=domestic_trademark).data"", ""required"": NaN}, {""business_area"": ""IP"", ""division_code"": ""INC"", ""case_type_code"": ""DESIGN"", ""namespace"": ""incoming_design"", ""param_key"": ""abandon_date"", ""storage"": ""matter_custom_field(namespace=incoming_design).data"", ""required"": NaN}, {""business_area"": ""IP"", ""division_code"": ""INC"", ""case_type_code"": ""PATENT"", ""namespace"": ""incoming_patent"", ""param_key"": ""abandon_date"", ""storage"": ""matter_custom_field(namespace=incoming_patent).data"", ""required"": NaN}, {""business_area"": ""IP"", ""division_code"": ""INC"", ""case_type_code"": ""TRADEMARK"", ""namespace"": ""incoming_trademark"", ""param_key"": ""abandon_date"", ""storage"": ""matter_custom_field(namespace=incoming_trademark).data"", ""required"": NaN}, {""business_area"": ""IP"", ""division_code"": ""OUT"", ""case_type_code"": ""DESIGN"", ""namespace"": ""outgoing_design"", ""param_key"": ""abandon_date"", ""storage"": ""matter_custom_field(namespace=outgoing_design).data"", ""required"": NaN}, {""business_area"": ""IP"", ""division_code"": ""OUT"", ""case_type_code"": ""PATENT"", ""namespace"": ""outgoing_patent"", ""param_key"": ""abandon_date"", ""storage"": ""matter_custom_field(namespace=outgoing_patent).data"", ""required"": NaN}, {""business_area"": ""IP"", ""division_code"": ""OUT"", ""case_type_code"": ""TRADEMARK"", ""namespace"": ""outgoing_trademark"", ""param_key"": ""abandon_date"", ""storage"": ""matter_custom_field(namespace=outgoing_trademark).data"", ""required"": NaN}, {""business_area"": ""LITIGATION"", ""division_code"": NaN, ""case_type_code"": ""LITIGATION"", ""namespace"": ""litigation"", ""param_key"": ""abandon_date"", ""storage"": ""matter_custom_field(namespace=litigation).data"", ""required"": NaN}]"
